scene,mode,tier,level,seed,drift_intensity,n_points,voxel_pca_crispness,mme_grid,mom_planarity,bev_edge_density,knn_entropy_mme,chamfer_oracle,realized.range_noise_sigma,realized.b_a_mps2,realized.b_a_mg,realized.b_g_rad_s,realized.b_g_dph,realized.n_objects,realized.dropout_prob,realized.max_range,realized.peak_yaw_rad,realized.step_sigma
room,sensor_noise,noise,0.0,0,0.0,691200,0.9792535120611114,0.772070985590427,0.9149202377228652,0.22292219175055167,19.712693823959874,0.1294653187472271,0.02,,,,,,,,,
room,sensor_noise,noise,0.0,1,0.0,691200,0.9790920849677196,0.7687584158858567,0.8396598216137731,0.21984679805330137,19.701846265265136,0.13052907501370736,0.02,,,,,,,,,
room,sensor_noise,noise,0.0,2,0.0,691200,0.9802160212340321,0.7800770545663304,0.9226006191950464,0.2167821230103277,19.703858079111214,0.1295015320362733,0.02,,,,,,,,,
room,sensor_noise,noise,0.2,0,0.0,691200,0.9660997705060781,0.7101547372094075,0.9144551982516391,0.22332113083726846,18.16300972481601,0.13555340524828086,0.046,,,,,,,,,
room,sensor_noise,noise,0.2,1,0.0,691200,0.966903138190412,0.712762794921425,0.8373040589639781,0.2363403607542569,18.160363532084304,0.13680698627115284,0.046,,,,,,,,,
room,sensor_noise,noise,0.2,2,0.0,691200,0.9678081464063324,0.7202903160610328,0.9213448488587291,0.23473102131420504,18.165738714883624,0.13558019458931897,0.046,,,,,,,,,
room,sensor_noise,noise,0.4,0,0.0,691200,0.9431502129804809,0.6198373102800065,0.8815091986280013,0.247951620880174,17.328065659896012,0.14305404155882595,0.07200000000000001,,,,,,,,,
room,sensor_noise,noise,0.4,1,0.0,691200,0.9447669127663996,0.623795174341202,0.8870867124142233,0.24043502976635717,17.328619679147174,0.1443327901414016,0.07200000000000001,,,,,,,,,
room,sensor_noise,noise,0.4,2,0.0,691200,0.9453527816037893,0.6279375793077072,0.8924463786136152,0.2401763169157414,17.33570138856361,0.14302189497848317,0.07200000000000001,,,,,,,,,
room,sensor_noise,noise,0.6,0,0.0,691200,0.9110920489623746,0.5246181840551631,0.6326594090202178,0.269936552774355,16.731260766151724,0.15113912444296768,0.098,,,,,,,,,
room,sensor_noise,noise,0.6,1,0.0,691200,0.9136140167654847,0.5292574866102079,0.5952491969744068,0.2536600352366772,16.73717258822633,0.15234152039176008,0.098,,,,,,,,,
room,sensor_noise,noise,0.6,2,0.0,691200,0.9147885132810473,0.5324681185513591,0.6574961360123648,0.26257351496760256,16.75481528946112,0.15109583562259304,0.098,,,,,,,,,
room,sensor_noise,noise,0.8,0,0.0,691200,0.8716662716964291,0.4399054648581062,0.3997524752475248,0.2947019896169598,16.259990083525416,0.15938534519663416,0.12400000000000001,,,,,,,,,
room,sensor_noise,noise,0.8,1,0.0,691200,0.8740546419146159,0.4427899454624422,0.40736119775421087,0.2882154205945403,16.271788790359057,0.16056459578746196,0.12400000000000001,,,,,,,,,
room,sensor_noise,noise,0.8,2,0.0,691200,0.8754645144915896,0.44530845334993796,0.41846819024088944,0.30250493822395746,16.27926716077973,0.15942263292951395,0.12400000000000001,,,,,,,,,
room,sensor_noise,noise,1.0,0,0.0,691200,0.825794612162768,0.36942449780708575,0.3149239838659634,0.2867766665055203,15.871005192025532,0.16772343736597878,0.15,,,,,,,,,
room,sensor_noise,noise,1.0,1,0.0,691200,0.8290360859432103,0.37212437218666966,0.28638644918444167,0.3075853593216879,15.881310254502615,0.16883025640988347,0.15,,,,,,,,,
room,sensor_noise,noise,1.0,2,0.0,691200,0.8315897581724545,0.37461015899569555,0.32503075030750306,0.31349450262853845,15.894766702324407,0.16778234380711748,0.15,,,,,,,,,
room,accel_bias,bias,0.0,0,0.0,691200,0.9792535120611114,0.772070985590427,0.9149202377228652,0.22292219175055167,19.712693823959874,0.1294653187472271,,0.0,0.0,,,,,,,
room,accel_bias,bias,0.0,1,0.0,691200,0.9790920849677196,0.7687584158858567,0.8396598216137731,0.21984679805330137,19.701846265265136,0.13052907501370736,,0.0,0.0,,,,,,,
room,accel_bias,bias,0.0,2,0.0,691200,0.9802160212340321,0.7800770545663304,0.9226006191950464,0.2167821230103277,19.703858079111214,0.1295015320362733,,0.0,0.0,,,,,,,
room,accel_bias,bias,0.2,0,0.17776763859038014,691200,0.8441790630636099,0.39496614520244416,0.4304313892436498,0.22576402101966536,17.373342707254086,0.16680050744509745,,0.002,0.2038735983690112,,,,,,,
room,accel_bias,bias,0.2,1,0.17776763859038014,691200,0.8417622615676897,0.3931307901444032,0.46486718080548417,0.2300835645215878,17.36844419824628,0.1665563971241309,,0.002,0.2038735983690112,,,,,,,
room,accel_bias,bias,0.2,2,0.17776763859038014,691200,0.8459793220464492,0.3970975481028113,0.4711578947368421,0.21989830775759386,17.401843651194763,0.16531345121445729,,0.002,0.2038735983690112,,,,,,,
room,accel_bias,bias,0.4,0,0.3555352771807603,691200,0.7262318508624781,0.26134048621070866,0.4047332531087044,0.24367021614723242,16.422879169043735,0.20657279642070783,,0.004,0.4077471967380224,,,,,,,
room,accel_bias,bias,0.4,1,0.3555352771807603,691200,0.7265046050937328,0.260612133970708,0.4091816367265469,0.23555720647210654,16.427460952533522,0.2043548999841805,,0.004,0.4077471967380224,,,,,,,
room,accel_bias,bias,0.4,2,0.3555352771807603,691200,0.725802430867553,0.2601151099535937,0.41365621278285036,0.232256141622526,16.476189416150657,0.2044980854019871,,0.004,0.4077471967380224,,,,,,,
room,accel_bias,bias,0.6,0,0.5333029157711404,691200,0.6947152513058629,0.23155758336978421,0.3279832519190509,0.2391344451993036,15.840053831723583,0.24498449934595473,,0.006,0.6116207951070336,,,,,,,
room,accel_bias,bias,0.6,1,0.5333029157711404,691200,0.6872220579016013,0.22718551230078918,0.313507703332139,0.2343624265430051,15.854721148761719,0.2402501824458328,,0.006,0.6116207951070336,,,,,,,
room,accel_bias,bias,0.6,2,0.5333029157711404,691200,0.6909730689133567,0.22843243281129272,0.3280867436166492,0.2336366265433705,15.900880164876112,0.24039701930958707,,0.006,0.6116207951070336,,,,,,,
room,accel_bias,bias,0.8,0,0.7110705543615206,691200,0.7106582818855693,0.23991571491111321,0.27015643802647415,0.24160789794796067,15.437437843811429,0.28173384039292393,,0.008,0.8154943934760448,,,,,,,
room,accel_bias,bias,0.8,1,0.7110705543615206,691200,0.7075467577294462,0.23779441151351147,0.2673959282892738,0.22707736165404452,15.444602982729073,0.2741395298448316,,0.008,0.8154943934760448,,,,,,,
room,accel_bias,bias,0.8,2,0.7110705543615206,691200,0.709009165064842,0.23841021737144408,0.2693939393939394,0.20401193905824405,15.493233003793497,0.2733247878032996,,0.008,0.8154943934760448,,,,,,,
room,accel_bias,bias,1.0,0,0.8888381929519007,691200,0.696987231231387,0.22814344859187755,0.24964049467932126,0.23456370125297143,15.103424318104242,0.314950300535465,,0.01,1.019367991845056,,,,,,,
room,accel_bias,bias,1.0,1,0.8888381929519007,691200,0.692522256994282,0.2251829227114667,0.23895348837209301,0.23136891229285975,15.116696732896077,0.30644481905577314,,0.01,1.019367991845056,,,,,,,
room,accel_bias,bias,1.0,2,0.8888381929519007,691200,0.6947645083983813,0.22671247528757443,0.24640598044853365,0.23000299771226826,15.17389184739479,0.3050058004597452,,0.01,1.019367991845056,,,,,,,
room,gyro_bias,bias,0.0,0,0.0,691200,0.9792535120611114,0.772070985590427,0.9149202377228652,0.22292219175055167,19.712693823959874,0.1294653187472271,,,,0.0,0.0,,,,,
room,gyro_bias,bias,0.0,1,0.0,691200,0.9790920849677196,0.7687584158858567,0.8396598216137731,0.21984679805330137,19.701846265265136,0.13052907501370736,,,,0.0,0.0,,,,,
room,gyro_bias,bias,0.0,2,0.0,691200,0.9802160212340321,0.7800770545663304,0.9226006191950464,0.2167821230103277,19.703858079111214,0.1295015320362733,,,,0.0,0.0,,,,,
room,gyro_bias,bias,0.2,0,0.09801089092114784,691200,0.9471844154557091,0.6318755215494511,0.7688475589505148,0.22047209159428108,18.910172666287806,0.14137019740629897,,,,2e-05,4.1252961249419275,,,,,
room,gyro_bias,bias,0.2,1,0.09801089092114784,691200,0.9486545088500744,0.6366527985966447,0.7738292925938226,0.20324587325615212,18.87281788723644,0.1426566905659126,,,,2e-05,4.1252961249419275,,,,,
room,gyro_bias,bias,0.2,2,0.09801089092114784,691200,0.9489014831197531,0.6362656359482775,0.7704485488126649,0.21377514547622112,18.83102235108264,0.14128877909820967,,,,2e-05,4.1252961249419275,,,,,
room,gyro_bias,bias,0.4,0,0.19602178184229568,691200,0.8916338816143601,0.45737950419671325,0.7587140439932318,0.22709135092048496,18.522645987880786,0.15317146894552633,,,,4e-05,8.250592249883855,,,,,
room,gyro_bias,bias,0.4,1,0.19602178184229568,691200,0.8921467871884396,0.45664978751979357,0.7619535519125683,0.2250300863869412,18.517984403605755,0.15442242485203184,,,,4e-05,8.250592249883855,,,,,
room,gyro_bias,bias,0.4,2,0.19602178184229568,691200,0.8920952470372416,0.4563950018890463,0.760701044826424,0.22750037462556505,18.444251587049003,0.15374317776808696,,,,4e-05,8.250592249883855,,,,,
room,gyro_bias,bias,0.6,0,0.2940326727634435,691200,0.8874468884362066,0.445997735598486,0.7231217616580311,0.1971011845183326,18.293988249518,0.1632812353831869,,,,6e-05,12.375888374825783,,,,,
room,gyro_bias,bias,0.6,1,0.2940326727634435,691200,0.8881522812839262,0.44538562861296926,0.7300131061598951,0.21760222104184193,18.275520431374563,0.1650544616436656,,,,6e-05,12.375888374825783,,,,,
room,gyro_bias,bias,0.6,2,0.2940326727634435,691200,0.8882873935892882,0.4462674670269398,0.7216890595009597,0.2128723245512806,18.205711322855574,0.16515631692414218,,,,6e-05,12.375888374825783,,,,,
room,gyro_bias,bias,0.8,0,0.39204356368459137,691200,0.868479225781676,0.4065125297885822,0.6169276430252789,0.20742119357325484,18.108314335840202,0.17408655727888028,,,,8e-05,16.50118449976771,,,,,
room,gyro_bias,bias,0.8,1,0.39204356368459137,691200,0.8665926932432814,0.40068496739905346,0.6722609246358455,0.2104610328318185,18.084045776305345,0.17460322170858206,,,,8e-05,16.50118449976771,,,,,
room,gyro_bias,bias,0.8,2,0.39204356368459137,691200,0.8685034664648412,0.4044113998505572,0.6770801113516858,0.20236374068084434,18.015537620971127,0.17562401805436176,,,,8e-05,16.50118449976771,,,,,
room,gyro_bias,bias,1.0,0,0.49005445460573926,691200,0.8721964023925053,0.40972676802757696,0.6705343511450381,0.21007334721790705,17.984206738922317,0.18431154281868,,,,0.0001,20.626480624709636,,,,,
room,gyro_bias,bias,1.0,1,0.49005445460573926,691200,0.8691288623871551,0.4045371563602363,0.669165885660731,0.19769476881971337,17.940259309578927,0.184192752129219,,,,0.0001,20.626480624709636,,,,,
room,gyro_bias,bias,1.0,2,0.49005445460573926,691200,0.8701956009021385,0.40505632260747265,0.6666666666666666,0.1974015058713458,17.86221977741875,0.18591004849073847,,,,0.0001,20.626480624709636,,,,,
room,dynamic_objects,catastrophic,0.0,0,0.0,691200,0.9766318206421989,0.7556479288184342,0.9062598301352627,0.22230090393238885,19.641801304823776,0.1332455964054554,,,,,,1.0,,,,
room,dynamic_objects,catastrophic,0.0,1,0.0,691200,0.9779263617158265,0.760405857368838,0.8351596743894804,0.2198850899504534,19.653276576159385,0.1336318938906995,,,,,,1.0,,,,
room,dynamic_objects,catastrophic,0.0,2,0.0,691200,0.9799269570175084,0.7780733014341347,0.9217445097432725,0.21669685563229757,19.69707866094125,0.1296926901576147,,,,,,1.0,,,,
room,dynamic_objects,catastrophic,0.2,0,0.0,691200,0.9754639546023525,0.7485586936020301,0.9007271577616187,0.22165414705844638,19.597672498856102,0.1369091068220523,,,,,,2.0,,,,
room,dynamic_objects,catastrophic,0.2,1,0.0,691200,0.9775323117634722,0.7576903362652111,0.8341436637390214,0.2208169614952617,19.645064708624737,0.1343779008366674,,,,,,2.0,,,,
room,dynamic_objects,catastrophic,0.2,2,0.0,691200,0.9774086496998158,0.7611833776664337,0.9118654624727499,0.21612782992147636,19.642521051276983,0.13264647166601365,,,,,,2.0,,,,
room,dynamic_objects,catastrophic,0.4,0,0.0,691200,0.9730063869019095,0.7338566966764564,0.8931297709923665,0.22128623711053488,19.552319107668662,0.1412847729424695,,,,,,3.0,,,,
room,dynamic_objects,catastrophic,0.4,1,0.0,691200,0.9773952965711745,0.7567099375621833,0.8340140328830244,0.22069705140826767,19.641618952982927,0.13504054779661734,,,,,,3.0,,,,
room,dynamic_objects,catastrophic,0.4,2,0.0,691200,0.976648130734398,0.7570352441521434,0.9074189526184538,0.21744440978328855,19.601264144353614,0.13414333046071406,,,,,,3.0,,,,
room,dynamic_objects,catastrophic,0.6,0,0.0,691200,0.9726239142905296,0.7315948722692375,0.8915470494417863,0.22113775704481103,19.54655999727665,0.1418056962811744,,,,,,4.0,,,,
room,dynamic_objects,catastrophic,0.6,1,0.0,691200,0.9768118659204907,0.7530209142182036,0.8314358001265022,0.22003935206242,19.609253993481047,0.13785105973383693,,,,,,4.0,,,,
room,dynamic_objects,catastrophic,0.6,2,0.0,691200,0.9761373611801537,0.753856776775869,0.9051186017478152,0.21719006717775616,19.59486845012091,0.13440238357811207,,,,,,4.0,,,,
room,dynamic_objects,catastrophic,0.8,0,0.0,691200,0.9734250504550379,0.7355997547619002,0.8938334392879848,0.22093093278804862,19.552644691261953,0.14369253798285414,,,,,,5.0,,,,
room,dynamic_objects,catastrophic,0.8,1,0.0,691200,0.976750757342794,0.7526519949961258,0.8311458992199031,0.2199928446342007,19.607271800003158,0.13796969712665283,,,,,,5.0,,,,
room,dynamic_objects,catastrophic,0.8,2,0.0,691200,0.9756494340503693,0.7511124274147141,0.9029338327091136,0.2170450822269951,19.586195985827246,0.13477066750303182,,,,,,5.0,,,,
room,dynamic_objects,catastrophic,1.0,0,0.0,691200,0.9737522721644087,0.7369675965138275,0.8944178628389154,0.22094072137069767,19.5526073086353,0.14494963246004855,,,,,,6.0,,,,
room,dynamic_objects,catastrophic,1.0,1,0.0,691200,0.9762814841711948,0.7496056542898449,0.8297939778129954,0.21968875348883632,19.574380506436416,0.1414580846456126,,,,,,6.0,,,,
room,dynamic_objects,catastrophic,1.0,2,0.0,691200,0.9759120352756246,0.7524786149800418,0.9040924711027803,0.21705761853252997,19.58041642107722,0.13519336798391612,,,,,,6.0,,,,
room,geometric_degeneracy,catastrophic,0.0,0,0.0,691200,0.9792535120611114,0.772070985590427,0.9149202377228652,0.22292219175055167,19.712693823959874,0.1294653187472271,,,,,,,,,,
room,geometric_degeneracy,catastrophic,0.0,1,0.0,691200,0.9790920849677196,0.7687584158858567,0.8396598216137731,0.21984679805330137,19.701846265265136,0.13052907501370736,,,,,,,,,,
room,geometric_degeneracy,catastrophic,0.0,2,0.0,691200,0.9802160212340321,0.7800770545663304,0.9226006191950464,0.2167821230103277,19.703858079111214,0.1295015320362733,,,,,,,,,,
room,geometric_degeneracy,catastrophic,0.2,0,0.7566307146683438,691200,0.8542080704639061,0.3732425041433646,0.604731679169071,0.17929966289990398,17.04181551022263,0.300084266628262,,,,,,,,,,
room,geometric_degeneracy,catastrophic,0.2,1,0.10917105444706253,691200,0.9421160516274445,0.6149134353087172,0.7270803949224259,0.20683731613910825,18.25398024566836,0.151811098724685,,,,,,,,,,
room,geometric_degeneracy,catastrophic,0.2,2,0.4967934546065352,691200,0.8536654112557558,0.37118843884691766,0.5408068986757006,0.17886119300228148,17.367483388854826,0.24521765195955034,,,,,,,,,,
room,geometric_degeneracy,catastrophic,0.4,0,1.5132614293366875,691200,0.8255929041177434,0.3379049717992607,0.4767537826685007,0.1569643688784348,16.125702476979868,0.4295958717758244,,,,,,,,,,
room,geometric_degeneracy,catastrophic,0.4,1,0.21834210889412506,691200,0.8547267462847224,0.4036379612106257,0.613815318539728,0.21596202125042047,17.394537363886773,0.17755677083800903,,,,,,,,,,
room,geometric_degeneracy,catastrophic,0.4,2,0.9935869092130704,691200,0.7984875409068757,0.30492863254873864,0.46055555555555555,0.15767892534586758,16.50334185979011,0.3431531094371163,,,,,,,,,,
room,geometric_degeneracy,catastrophic,0.6,0,2.269892144005031,691200,0.8185349441172103,0.32828848887556444,0.443237370994025,0.15228318831320387,15.527430027569237,0.5379985723848979,,,,,,,,,,
room,geometric_degeneracy,catastrophic,0.6,1,0.32751316334118735,691200,0.8217171077225622,0.3438268539568015,0.5688844086021505,0.19623048897456202,16.808787868007105,0.20172700067277646,,,,,,,,,,
room,geometric_degeneracy,catastrophic,0.6,2,1.4903803638196056,691200,0.8142030894675939,0.31793471348183056,0.4549537648612946,0.14950680340021338,15.925895913801764,0.4265442481722377,,,,,,,,,,
room,geometric_degeneracy,catastrophic,0.8,0,3.026522858673375,691200,0.8238470112773544,0.3311904363594557,0.43385049365303247,0.13985655389012616,15.027929043416389,0.6599278052059494,,,,,,,,,,
room,geometric_degeneracy,catastrophic,0.8,1,0.4366842177882501,691200,0.8095224265390526,0.32642017408918955,0.5118497999384426,0.17775192437381754,16.34525663747429,0.22488876380808304,,,,,,,,,,
room,geometric_degeneracy,catastrophic,0.8,2,1.9871738184261407,691200,0.81758505966635,0.3214401455231516,0.43622920517560076,0.1448702885648561,15.474957009059468,0.4993217110607368,,,,,,,,,,
room,geometric_degeneracy,catastrophic,1.0,0,3.783153573341718,691200,0.8264292547537169,0.3332527981627245,0.44331742243436756,0.1404092216249124,14.677768335586745,0.768904005332349,,,,,,,,,,
room,geometric_degeneracy,catastrophic,1.0,1,0.5458552722353125,691200,0.7944405548155491,0.309414959506825,0.4921875,0.16002064474990077,15.95433571657894,0.24705553841843964,,,,,,,,,,
room,geometric_degeneracy,catastrophic,1.0,2,2.483967273032676,691200,0.820493525749492,0.32282522552902937,0.45874125874125876,0.13766117310749595,15.101516543948245,0.5725537416738076,,,,,,,,,,
room,weather_dropout,catastrophic,0.0,0,0.0,691200,0.9792535120611114,0.772070985590427,0.9149202377228652,0.22292219175055167,19.712693823959874,0.1294653187472271,,,,,,,0.0,80.0,,
room,weather_dropout,catastrophic,0.0,1,0.0,691200,0.9790920849677196,0.7687584158858567,0.8396598216137731,0.21984679805330137,19.701846265265136,0.13052907501370736,,,,,,,0.0,80.0,,
room,weather_dropout,catastrophic,0.0,2,0.0,691200,0.9802160212340321,0.7800770545663304,0.9226006191950464,0.2167821230103277,19.703858079111214,0.1295015320362733,,,,,,,0.0,80.0,,
room,weather_dropout,catastrophic,0.2,0,0.0,607937,0.9788589490427748,0.768003919784458,0.912472647702407,0.20963428998233716,19.71721524556832,0.14164904273855264,,,,,,,0.12,69.0,,
room,weather_dropout,catastrophic,0.2,1,0.0,608441,0.9797618955122033,0.7775351879192243,0.9153225806451613,0.22745124012486034,19.726888433514674,0.14132436404986526,,,,,,,0.12,69.0,,
room,weather_dropout,catastrophic,0.2,2,0.0,608436,0.9787566932151842,0.7674110087687499,0.836569579288026,0.20504119321875583,19.67040649459819,0.14045361348476798,,,,,,,0.12,69.0,,
room,weather_dropout,catastrophic,0.4,0,0.0,525380,0.9791592659698779,0.7715663971218311,0.9138906348208674,0.21099003913694894,19.72799437362874,0.1417045701038192,,,,,,,0.24,58.0,,
room,weather_dropout,catastrophic,0.4,1,0.0,525280,0.979793642507849,0.777292878119303,0.9173913043478261,0.20848323285817638,19.71703727979084,0.1433770487893253,,,,,,,0.24,58.0,,
room,weather_dropout,catastrophic,0.4,2,0.0,525393,0.9796258943297144,0.7768813462113319,0.9189020586400499,0.2192044128820685,19.701037406192764,0.14173074013445897,,,,,,,0.24,58.0,,
room,weather_dropout,catastrophic,0.6,0,0.0,442099,0.9787804166412059,0.7679725846163631,0.9134375,0.20997781162869064,19.710644974605938,0.1430760715222824,,,,,,,0.36,47.0,,
room,weather_dropout,catastrophic,0.6,1,0.0,442351,0.9791393720010444,0.7700641407268886,0.9142857142857143,0.2139624553373005,19.719988378673378,0.1422641779818503,,,,,,,0.36,47.0,,
room,weather_dropout,catastrophic,0.6,2,0.0,442301,0.9791258072856159,0.7711711887308244,0.9165636588380717,0.22165460439786477,19.709062179203542,0.1404315127710573,,,,,,,0.36,47.0,,
room,weather_dropout,catastrophic,0.8,0,0.0,359106,0.9792728343919986,0.7725461902960196,0.9165091367359799,0.21335243860556935,19.702595045004283,0.14347028302173515,,,,,,,0.48,36.0,,
room,weather_dropout,catastrophic,0.8,1,0.0,359469,0.9799359613019556,0.7746133230210097,0.9167449139280125,0.21569447204760633,19.694647419088287,0.14155736697739174,,,,,,,0.48,36.0,,
room,weather_dropout,catastrophic,0.8,2,0.0,359470,0.9799250191924498,0.7777623343093034,0.9170549860205033,0.2056524594280226,19.703373936977616,0.14226104135335899,,,,,,,0.48,36.0,,
room,weather_dropout,catastrophic,1.0,0,0.0,276324,0.979898020339243,0.774106369621027,0.9196011218448115,0.2034571342108634,19.726596471761077,0.14152539410080112,,,,,,,0.6,25.0,,
room,weather_dropout,catastrophic,1.0,1,0.0,276088,0.9798652017564596,0.7788354044517912,0.916195856873823,0.21675916446485805,19.728361441719713,0.14308775870920049,,,,,,,0.6,25.0,,
room,weather_dropout,catastrophic,1.0,2,0.0,276490,0.9793085483138738,0.7752361619280064,0.9173886138613861,0.22964817547293936,19.693919582530967,0.1421809282610062,,,,,,,0.6,25.0,,
room,imu_saturation,catastrophic,0.0,0,0.0,691200,0.9792535120611114,0.772070985590427,0.9149202377228652,0.22292219175055167,19.712693823959874,0.1294653187472271,,,,,,,,,0.0,
room,imu_saturation,catastrophic,0.0,1,0.0,691200,0.9790920849677196,0.7687584158858567,0.8396598216137731,0.21984679805330137,19.701846265265136,0.13052907501370736,,,,,,,,,0.0,
room,imu_saturation,catastrophic,0.0,2,0.0,691200,0.9802160212340321,0.7800770545663304,0.9226006191950464,0.2167821230103277,19.703858079111214,0.1295015320362733,,,,,,,,,0.0,
room,imu_saturation,catastrophic,0.2,0,0.0694307208661987,691200,0.7966324861554132,0.3190972823678873,0.41610305958132043,0.2446072289912604,17.204306558132544,0.16693673286102112,,,,,,,,,0.12,
room,imu_saturation,catastrophic,0.2,1,0.0694307208661987,691200,0.7949453528362049,0.3166799621692922,0.415880247315327,0.22315444917017796,17.160668866544867,0.16584359015927613,,,,,,,,,0.12,
room,imu_saturation,catastrophic,0.2,2,0.0694307208661987,691200,0.7927345013658529,0.31332147303866253,0.41831763559597274,0.23673511265290942,17.21456327900193,0.16649569106841738,,,,,,,,,0.12,
room,imu_saturation,catastrophic,0.4,0,0.1388614417323974,691200,0.7416023082556163,0.2568612226387301,0.3411910669975186,0.23443847099447768,16.46267372292794,0.20025225284262024,,,,,,,,,0.24,
room,imu_saturation,catastrophic,0.4,1,0.1388614417323974,691200,0.7396260810362637,0.2563791221666006,0.3360552763819096,0.21959581606935666,16.433502925894395,0.1974933910991915,,,,,,,,,0.24,
room,imu_saturation,catastrophic,0.4,2,0.1388614417323974,691200,0.7426247761910953,0.2571298897005711,0.34779932286857496,0.2271806421467113,16.481559394255388,0.19821996818688814,,,,,,,,,0.24,
room,imu_saturation,catastrophic,0.6,0,0.2082921625985961,691200,0.7360576404773291,0.2493084151554259,0.2995843230403801,0.22366472566126075,16.03408986191061,0.23180941081161133,,,,,,,,,0.36,
room,imu_saturation,catastrophic,0.6,1,0.2082921625985961,691200,0.7335574089114578,0.2483560227862406,0.2963074151906334,0.19241891323280916,16.009378866384942,0.22697540543359154,,,,,,,,,0.36,
room,imu_saturation,catastrophic,0.6,2,0.2082921625985961,691200,0.7391746159589556,0.2516364262965359,0.31013215859030835,0.22149694612367712,16.036759444265442,0.22785010289761426,,,,,,,,,0.36,
room,imu_saturation,catastrophic,0.8,0,0.2777228834647948,691200,0.7392496697999827,0.250570668982988,0.2749853886616014,0.21450303027906614,15.731824995892024,0.26008518093635913,,,,,,,,,0.48,
room,imu_saturation,catastrophic,0.8,1,0.2777228834647948,691200,0.7353352549375861,0.24857401108184243,0.27922648696161734,0.21927061092856742,15.71851741293822,0.2549600254178279,,,,,,,,,0.48,
room,imu_saturation,catastrophic,0.8,2,0.2777228834647948,691200,0.7389158636553494,0.24934760094758698,0.2862496396656097,0.21809112255182544,15.769640595006454,0.2556029775108422,,,,,,,,,0.48,
room,imu_saturation,catastrophic,1.0,0,0.3471536043309935,691200,0.7431002184194764,0.25236246274294877,0.27583212735166424,0.20042249492904693,15.511119418575149,0.28644120698705966,,,,,,,,,0.6,
room,imu_saturation,catastrophic,1.0,1,0.3471536043309935,691200,0.744248959861766,0.2534447878234488,0.27046783625730997,0.20777570454204852,15.50333067398537,0.28028294873013904,,,,,,,,,0.6,
room,imu_saturation,catastrophic,1.0,2,0.3471536043309935,691200,0.7474359294266507,0.2554361783240643,0.2733544121874102,0.19311396180107554,15.53945985342222,0.27988776531128057,,,,,,,,,0.6,
room,random_walk,phenomenological,0.0,0,0.0,691200,0.9792535120611114,0.772070985590427,0.9149202377228652,0.22292219175055167,19.712693823959874,0.1294653187472271,,,,,,,,,,0.0
room,random_walk,phenomenological,0.0,1,0.0,691200,0.9790920849677196,0.7687584158858567,0.8396598216137731,0.21984679805330137,19.701846265265136,0.13052907501370736,,,,,,,,,,0.0
room,random_walk,phenomenological,0.0,2,0.0,691200,0.9802160212340321,0.7800770545663304,0.9226006191950464,0.2167821230103277,19.703858079111214,0.1295015320362733,,,,,,,,,,0.0
room,random_walk,phenomenological,0.2,0,0.3373564451839221,691200,0.7837930788677592,0.30725455709168087,0.4725274725274725,0.22732640414448455,16.851348504740454,0.2192816206494701,,,,,,,,,,0.024
room,random_walk,phenomenological,0.2,1,0.43942074851751245,691200,0.7818869070884442,0.30972299447375157,0.5129478538488825,0.23434500087961876,16.491370292214953,0.25134102612154247,,,,,,,,,,0.024
room,random_walk,phenomenological,0.2,2,0.23591303193069782,691200,0.8792334773271407,0.4501998804169667,0.688734835355286,0.20803179398681051,17.322584266049823,0.18628664098623493,,,,,,,,,,0.024
room,random_walk,phenomenological,0.4,0,0.6747128903678442,691200,0.7602447037291854,0.2931280562771729,0.3264659270998415,0.25235791987434425,15.815072272906592,0.3093298846734913,,,,,,,,,,0.048
room,random_walk,phenomenological,0.4,1,0.8788414970350249,691200,0.7841188472449072,0.30362489381177504,0.4066776135741653,0.2639222983596459,15.505432296088621,0.3608144830331348,,,,,,,,,,0.048
room,random_walk,phenomenological,0.4,2,0.47182606386139564,691200,0.829897123914471,0.3464087106101759,0.38353815375821665,0.190562718251306,16.36708186546978,0.24085582350423196,,,,,,,,,,0.048
room,random_walk,phenomenological,0.6,0,1.012069335551766,691200,0.7396171219585275,0.26445997972283675,0.2525172231054584,0.2622913690136387,15.1891153773265,0.39198253185529053,,,,,,,,,,0.072
room,random_walk,phenomenological,0.6,1,1.3182622455525372,691200,0.7634995103035632,0.28046477134255154,0.3228947368421053,0.27576279895569755,14.975740945034094,0.4582813265175355,,,,,,,,,,0.072
room,random_walk,phenomenological,0.6,2,0.7077390957920933,691200,0.7571153971339507,0.2810297694079102,0.30425963488843816,0.26054371213876704,15.712078112171014,0.2906736764950494,,,,,,,,,,0.072
room,random_walk,phenomenological,0.8,0,1.3494257807356884,691200,0.7335589964612557,0.254804388167257,0.23310310804144055,0.30543427992090577,14.72129030157045,0.4651845200186632,,,,,,,,,,0.096
room,random_walk,phenomenological,0.8,1,1.7576829940700498,691200,0.7468585279816007,0.2663115009240387,0.24429395535490345,0.2837172699417259,14.554470343315442,0.5396816573881091,,,,,,,,,,0.096
room,random_walk,phenomenological,0.8,2,0.9436521277227913,691200,0.7339666363457531,0.2638410593839304,0.2322824036647804,0.23468314683989927,15.230420059150232,0.33784043511027345,,,,,,,,,,0.096
room,random_walk,phenomenological,1.0,0,1.6867822259196106,691200,0.7300870423346162,0.25067015536515647,0.21565260058881255,0.3009147633088374,14.364048770294074,0.526018035554332,,,,,,,,,,0.12
room,random_walk,phenomenological,1.0,1,2.1971037425875624,691200,0.7544987437124726,0.27037121070291303,0.2297072125684361,0.28156970419611305,14.228605952874094,0.612217681126801,,,,,,,,,,0.12
room,random_walk,phenomenological,1.0,2,1.179565159653489,691200,0.7232760647842946,0.24831993801291793,0.22654402102496715,0.23618635105897912,14.849125585061701,0.38147871685943924,,,,,,,,,,0.12
highway,sensor_noise,noise,0.0,0,0.0,361731,0.9989471340329439,0.9906074677322367,0.8333333333333333,0.30386442008419634,17.856130963027564,0.30056444496314777,0.02,,,,,,,,,
highway,sensor_noise,noise,0.0,1,0.0,361731,0.9990824811146694,0.9913263154524428,0.8333333333333333,0.2740081919961416,17.866847147849928,0.30100402289598294,0.02,,,,,,,,,
highway,sensor_noise,noise,0.0,2,0.0,361731,0.9992137415462674,0.992326767443751,0.9166666666666667,0.28973854582028513,17.828327436280954,0.2990385046008889,0.02,,,,,,,,,
highway,sensor_noise,noise,0.2,0,0.0,361731,0.9961803691269793,0.9664379960173924,0.8325320512820512,0.34241400271331013,16.21954032945205,0.3030842415570561,0.046,,,,,,,,,
highway,sensor_noise,noise,0.2,1,0.0,361731,0.9964183501186321,0.9679168015212237,0.8333333333333333,0.28941693217148323,16.220689597318763,0.3033902496727484,0.046,,,,,,,,,
highway,sensor_noise,noise,0.2,2,0.0,361731,0.9966551263157348,0.969047559368869,0.9166666666666667,0.3066263354592787,16.18772036472596,0.30155803800740943,0.046,,,,,,,,,
highway,sensor_noise,noise,0.4,0,0.0,361731,0.9911928958045116,0.9257544261007223,0.8277458492975734,0.3420920604068506,15.34131120615831,0.3058588055338148,0.07200000000000001,,,,,,,,,
highway,sensor_noise,noise,0.4,1,0.0,361731,0.9915285821304953,0.9273369891936959,0.9140173410404625,0.324345200727309,15.332866775570691,0.30623659116248314,0.07200000000000001,,,,,,,,,
highway,sensor_noise,noise,0.4,2,0.0,361731,0.9919156168248189,0.9289970708672973,0.9140249759846302,0.32236302841145303,15.303938373053148,0.3043094323815488,0.07200000000000001,,,,,,,,,
highway,sensor_noise,noise,0.6,0,0.0,361731,0.9848574491778177,0.8761072465246068,0.8191153238546603,0.32534834433235155,14.738531634521983,0.30879979705431526,0.098,,,,,,,,,
highway,sensor_noise,noise,0.6,1,0.0,361731,0.9851598996006665,0.8790028013113769,0.9069148936170214,0.3271864466272818,14.72205386305165,0.3093695438068992,0.098,,,,,,,,,
highway,sensor_noise,noise,0.6,2,0.0,361731,0.9853342866175577,0.8771138246202375,0.9069897632757519,0.3233656402985523,14.69461601247407,0.3073296307843192,0.098,,,,,,,,,
highway,sensor_noise,noise,0.8,0,0.0,361731,0.9768512759975402,0.8217494638089912,0.8104265402843601,0.3263835669138188,14.285448704400881,0.3119056639259355,0.12400000000000001,,,,,,,,,
highway,sensor_noise,noise,0.8,1,0.0,361731,0.9772975872018003,0.8247736647753926,0.8991563196434257,0.3639917951139056,14.257631397525703,0.3126334300367035,0.12400000000000001,,,,,,,,,
highway,sensor_noise,noise,0.8,2,0.0,361731,0.9772175302111589,0.8208652704375413,0.8078637376631645,0.32620973653856467,14.242167637427938,0.3104467742536089,0.12400000000000001,,,,,,,,,
highway,sensor_noise,noise,1.0,0,0.0,361731,0.9682380670050994,0.7686641770884816,0.8021732182806007,0.3650784043087402,13.923191530188138,0.3150712395188341,0.15,,,,,,,,,
highway,sensor_noise,noise,1.0,1,0.0,361731,0.9671603553995508,0.7612846758624044,0.7942464040025015,0.34452594257755764,13.885742036963947,0.31592693395560717,0.15,,,,,,,,,
highway,sensor_noise,noise,1.0,2,0.0,361731,0.9677630464096101,0.7647382790167623,0.873263888888889,0.3276378002947006,13.873100718082508,0.3135583727700198,0.15,,,,,,,,,
highway,accel_bias,bias,0.0,0,0.0,361731,0.9989471340329439,0.9906074677322367,0.8333333333333333,0.30386442008419634,17.856130963027564,0.30056444496314777,,0.0,0.0,,,,,,,
highway,accel_bias,bias,0.0,1,0.0,361731,0.9990824811146694,0.9913263154524428,0.8333333333333333,0.2740081919961416,17.866847147849928,0.30100402289598294,,0.0,0.0,,,,,,,
highway,accel_bias,bias,0.0,2,0.0,361731,0.9992137415462674,0.992326767443751,0.9166666666666667,0.28973854582028513,17.828327436280954,0.2990385046008889,,0.0,0.0,,,,,,,
highway,accel_bias,bias,0.2,0,0.17776763859038017,361731,0.9924965107030491,0.9387163903717323,0.8254105445116681,0.32019668412963476,17.772891948381265,0.3118325787220602,,0.002,0.2038735983690112,,,,,,,
highway,accel_bias,bias,0.2,1,0.17776763859038017,361731,0.9912394175468684,0.9316828905525876,0.825109649122807,0.3182698277877937,17.766082167783757,0.3119725394035571,,0.002,0.2038735983690112,,,,,,,
highway,accel_bias,bias,0.2,2,0.17776763859038017,361731,0.9913611533325143,0.9312579690032609,0.9050828418983432,0.302888373080168,17.731924976110392,0.31057716679233827,,0.002,0.2038735983690112,,,,,,,
highway,accel_bias,bias,0.4,0,0.35553527718076033,361731,0.9776528837826566,0.830102100739204,0.7607192254495159,0.3199240913617429,17.690958065556092,0.3191172934595744,,0.004,0.4077471967380224,,,,,,,
highway,accel_bias,bias,0.4,1,0.35553527718076033,361731,0.9785949990651922,0.8377590674338242,0.8372172254020169,0.31890212917578203,17.681350072866167,0.3205117350611602,,0.004,0.4077471967380224,,,,,,,
highway,accel_bias,bias,0.4,2,0.35553527718076033,361731,0.9785935939924784,0.8358709067762659,0.8265669515669517,0.28986348728976646,17.65859778665022,0.3187121056156807,,0.004,0.4077471967380224,,,,,,,
highway,accel_bias,bias,0.6,0,0.5333029157711404,361731,0.9709654092973795,0.7889313612904743,0.8053857350800583,0.33909799014397296,17.639664709906082,0.3244436532714272,,0.006,0.6116207951070336,,,,,,,
highway,accel_bias,bias,0.6,1,0.5333029157711404,361731,0.9712711950348232,0.7849913004839881,0.8145569620253165,0.3055308426693753,17.613575826327914,0.3269132088724075,,0.006,0.6116207951070336,,,,,,,
highway,accel_bias,bias,0.6,2,0.5333029157711404,361731,0.9691765725467848,0.7803506375713649,0.80822695035461,0.32190371341072066,17.60126960525837,0.3263663100856161,,0.006,0.6116207951070336,,,,,,,
highway,accel_bias,bias,0.8,0,0.7110705543615207,361731,0.9708357271267568,0.7867217204298816,0.73935389133627,0.3398829988445704,17.589418942666082,0.3299705353459659,,0.008,0.8154943934760448,,,,,,,
highway,accel_bias,bias,0.8,1,0.7110705543615207,361731,0.9702938034725052,0.7789395478519963,0.8122775800711745,0.337307514913282,17.567915198686148,0.33273258091064284,,0.008,0.8154943934760448,,,,,,,
highway,accel_bias,bias,0.8,2,0.7110705543615207,361731,0.9705999403386888,0.7867761222204529,0.8095870206489676,0.30415098279231373,17.559359253951435,0.3330136370801571,,0.008,0.8154943934760448,,,,,,,
highway,accel_bias,bias,1.0,0,0.8888381929519007,361731,0.9697214649765733,0.7730471739464231,0.8109280138768431,0.3371381931604241,17.54129075060309,0.33532196418204985,,0.01,1.019367991845056,,,,,,,
highway,accel_bias,bias,1.0,1,0.8888381929519007,361731,0.9670408650088923,0.7603677195913535,0.7270946353224833,0.35659503938041187,17.52328031274931,0.3375981373413669,,0.01,1.019367991845056,,,,,,,
highway,accel_bias,bias,1.0,2,0.8888381929519007,361731,0.9685371439149338,0.7690162673335738,0.801980198019802,0.35912401085362194,17.519951163516428,0.3374627915782538,,0.01,1.019367991845056,,,,,,,
highway,gyro_bias,bias,0.0,0,0.0,361731,0.9989471340329439,0.9906074677322367,0.8333333333333333,0.30386442008419634,17.856130963027564,0.30056444496314777,,,,0.0,0.0,,,,,
highway,gyro_bias,bias,0.0,1,0.0,361731,0.9990824811146694,0.9913263154524428,0.8333333333333333,0.2740081919961416,17.866847147849928,0.30100402289598294,,,,0.0,0.0,,,,,
highway,gyro_bias,bias,0.0,2,0.0,361731,0.9992137415462674,0.992326767443751,0.9166666666666667,0.28973854582028513,17.828327436280954,0.2990385046008889,,,,0.0,0.0,,,,,
highway,gyro_bias,bias,0.2,0,0.09801089092114784,361731,0.9894902337007091,0.9127444735947136,0.8102652825836216,0.30642022926119705,17.71733851061441,0.3070759576803679,,,,2e-05,4.1252961249419275,,,,,
highway,gyro_bias,bias,0.2,1,0.09801089092114784,361731,0.9893087841765733,0.9171522732189062,0.8881172839506174,0.27495246038156473,17.714699171771898,0.3077317159375543,,,,2e-05,4.1252961249419275,,,,,
highway,gyro_bias,bias,0.2,2,0.09801089092114784,361731,0.9907803825100148,0.9240238860372753,0.8977987421383649,0.27531082248840455,17.675744698866417,0.3058015155917593,,,,2e-05,4.1252961249419275,,,,,
highway,gyro_bias,bias,0.4,0,0.19602178184229568,361731,0.9749872844843699,0.8078222634218283,0.8295795795795796,0.32175486259946817,17.53628549882859,0.3144324647319894,,,,4e-05,8.250592249883855,,,,,
highway,gyro_bias,bias,0.4,1,0.19602178184229568,361731,0.9722536620183,0.798098552455101,0.8957264957264958,0.2881326338746293,17.515690847630548,0.31451486676918755,,,,4e-05,8.250592249883855,,,,,
highway,gyro_bias,bias,0.4,2,0.19602178184229568,361731,0.9776145956040122,0.8271921132944609,0.9158957106812448,0.27585472932384186,17.487637752410688,0.3120063046582787,,,,4e-05,8.250592249883855,,,,,
highway,gyro_bias,bias,0.6,0,0.2940326727634435,361731,0.9749426525296183,0.809336757174934,0.8329022988505748,0.3224617990833533,17.36297462501191,0.31980108355360104,,,,6e-05,12.375888374825783,,,,,
highway,gyro_bias,bias,0.6,1,0.2940326727634435,361731,0.973664494051155,0.804508030551567,0.8294793484584061,0.2904385752064316,17.330109002527067,0.32002765336052247,,,,6e-05,12.375888374825783,,,,,
highway,gyro_bias,bias,0.6,2,0.2940326727634435,361731,0.9752249806804169,0.8124670516295541,0.8331873905429072,0.30352544975562956,17.30458782887451,0.3169500791315014,,,,6e-05,12.375888374825783,,,,,
highway,gyro_bias,bias,0.8,0,0.39204356368459137,361731,0.9739675036583694,0.80184311424973,0.8235551663747811,0.33911165633694135,17.183607539913304,0.32373775046320585,,,,8e-05,16.50118449976771,,,,,
highway,gyro_bias,bias,0.8,1,0.39204356368459137,361731,0.9723419521317573,0.7948657510785516,0.8260335357039608,0.2875234013786597,17.148494777354685,0.32485283768281725,,,,8e-05,16.50118449976771,,,,,
highway,gyro_bias,bias,0.8,2,0.39204356368459137,361731,0.9747633462023829,0.8085056933164536,0.9082969432314411,0.30391958770065924,17.130521454473023,0.3218771521338034,,,,8e-05,16.50118449976771,,,,,
highway,gyro_bias,bias,1.0,0,0.49005445460573926,361731,0.9753418740380375,0.8084083710908387,0.8263142174432497,0.28990495552048257,17.010171536991802,0.3273369712112931,,,,0.0001,20.626480624709636,,,,,
highway,gyro_bias,bias,1.0,1,0.49005445460573926,361731,0.9734197351761178,0.7979005006999446,0.8300787163184985,0.317289113656462,16.9736413830406,0.32871260925232176,,,,0.0001,20.626480624709636,,,,,
highway,gyro_bias,bias,1.0,2,0.49005445460573926,361731,0.9776653092028256,0.824090348820362,0.8398778359511345,0.2879090853117993,16.96525357177944,0.32667283330699054,,,,0.0001,20.626480624709636,,,,,
highway,dynamic_objects,catastrophic,0.0,0,0.0,361810,0.9909633533169391,0.9043248131344834,0.8126590330788803,0.18490230366291469,17.745838824268034,0.33720943806498793,,,,,,1.0,,,,
highway,dynamic_objects,catastrophic,0.0,1,0.0,362046,0.9991189495639977,0.9916784824674584,0.8333333333333333,0.31896033464404344,17.8215483763307,0.3293674191891962,,,,,,1.0,,,,
highway,dynamic_objects,catastrophic,0.0,2,0.0,361918,0.9940093564067222,0.9409067825867417,0.9008907004830918,0.20272031692643214,17.773563075087196,0.3306676621860075,,,,,,1.0,,,,
highway,dynamic_objects,catastrophic,0.2,0,0.0,361864,0.9844430797027219,0.8497720614950641,0.7964532328939108,0.18686043668535565,17.704076851240846,0.33697036551590365,,,,,,2.0,,,,
highway,dynamic_objects,catastrophic,0.2,1,0.0,362203,0.9991281319490481,0.9918605226745952,0.8333333333333333,0.316987588770538,17.821013545516468,0.3325452523733195,,,,,,2.0,,,,
highway,dynamic_objects,catastrophic,0.2,2,0.0,362362,0.9947459047122463,0.9508947758198216,0.8213830465264499,0.21063704510612333,17.729770309446632,0.33198783828616696,,,,,,2.0,,,,
highway,dynamic_objects,catastrophic,0.4,0,0.0,361935,0.9759317077253067,0.7909216252327486,0.845949855351977,0.17990863799962856,17.576256409900477,0.3456611752105498,,,,,,3.0,,,,
highway,dynamic_objects,catastrophic,0.4,1,0.0,362545,0.9986598308180804,0.9877514747918972,0.8318264014466545,0.28730153387896495,17.64574189689588,0.33935151302873934,,,,,,3.0,,,,
highway,dynamic_objects,catastrophic,0.4,2,0.0,362563,0.9930812842316272,0.9319398053737425,0.8986042692939246,0.19674549550354004,17.71826227312632,0.33902235678397585,,,,,,3.0,,,,
highway,dynamic_objects,catastrophic,0.6,0,0.0,361935,0.9759317077253067,0.7909216252327486,0.845949855351977,0.17990863799962856,17.576256409900477,0.3456611752105498,,,,,,4.0,,,,
highway,dynamic_objects,catastrophic,0.6,1,0.0,362675,0.9897820357974315,0.8919348041650693,0.8914785737651293,0.1695658200230798,17.597554027104465,0.34624580225150425,,,,,,4.0,,,,
highway,dynamic_objects,catastrophic,0.6,2,0.0,362705,0.9909655421313259,0.9094705297434716,0.8914041994750658,0.18016252769995317,17.63348961010069,0.34086312388032003,,,,,,4.0,,,,
highway,dynamic_objects,catastrophic,0.8,0,0.0,362017,0.9621229695165203,0.7055407241483581,0.8170289855072465,0.17538558081807495,17.500489387315472,0.3558057827350736,,,,,,5.0,,,,
highway,dynamic_objects,catastrophic,0.8,1,0.0,362943,0.9864095680458363,0.8663935257278977,0.8026188166828322,0.19128709702635763,17.500430894740607,0.35884236074709075,,,,,,5.0,,,,
highway,dynamic_objects,catastrophic,0.8,2,0.0,362928,0.9901664774848666,0.9005435167514287,0.8038841133397007,0.22579996801656432,17.635759701555013,0.3415206414972233,,,,,,5.0,,,,
highway,dynamic_objects,catastrophic,1.0,0,0.0,362222,0.9681617382053906,0.7345657437151681,0.8245393634840872,0.17663890102265858,17.50508596887424,0.35303826761752183,,,,,,6.0,,,,
highway,dynamic_objects,catastrophic,1.0,1,0.0,363187,0.9895836200789159,0.8973768355692261,0.887635956493922,0.14446814337977262,17.544526508208282,0.34132503709887085,,,,,,6.0,,,,
highway,dynamic_objects,catastrophic,1.0,2,0.0,362928,0.9901664774848666,0.9005435167514287,0.8038841133397007,0.22579996801656432,17.635759701555013,0.3415206414972233,,,,,,6.0,,,,
highway,geometric_degeneracy,catastrophic,0.0,0,0.0,361731,0.9989471340329439,0.9906074677322367,0.8333333333333333,0.30386442008419634,17.856130963027564,0.30056444496314777,,,,,,,,,,
highway,geometric_degeneracy,catastrophic,0.0,1,0.0,361731,0.9990824811146694,0.9913263154524428,0.8333333333333333,0.2740081919961416,17.866847147849928,0.30100402289598294,,,,,,,,,,
highway,geometric_degeneracy,catastrophic,0.0,2,0.0,361731,0.9992137415462674,0.992326767443751,0.9166666666666667,0.28973854582028513,17.828327436280954,0.2990385046008889,,,,,,,,,,
highway,geometric_degeneracy,catastrophic,0.2,0,0.7573062105254381,361731,0.998847066007059,0.9891407648921133,0.8333333333333333,0.2879307228242168,17.157909417242625,0.3205697713604033,,,,,,,,,,
highway,geometric_degeneracy,catastrophic,0.2,1,0.10853368024964709,361731,0.9988696670408496,0.9894172369868962,0.8333333333333333,0.3173940046256316,17.223616494295218,0.307947175405991,,,,,,,,,,
highway,geometric_degeneracy,catastrophic,0.2,2,0.4961480160137922,361731,0.9984091232516262,0.9874562845846128,0.8316798941798941,0.3036271750933591,17.09502424394081,0.3208307128022885,,,,,,,,,,
highway,geometric_degeneracy,catastrophic,0.4,0,1.5146124210508762,361731,0.9981259380449726,0.9828539051536026,0.8333333333333333,0.2884171976379891,16.341954810902788,0.33246806687683705,,,,,,,,,,
highway,geometric_degeneracy,catastrophic,0.4,1,0.21706736049929418,361731,0.9981210746120092,0.9827820097010008,0.8333333333333333,0.30464467066415646,16.42875280629663,0.31432911700759647,,,,,,,,,,
highway,geometric_degeneracy,catastrophic,0.4,2,0.9922960320275844,361731,0.9973247748260979,0.9780481074607181,0.8317152103559871,0.27691728767317997,16.248937242893433,0.3299352157424795,,,,,,,,,,
highway,geometric_degeneracy,catastrophic,0.6,0,2.271918631576314,361731,0.9967979436351732,0.9700431076383172,0.8333333333333333,0.28933388910797675,15.692528541862767,0.3386029189821496,,,,,,,,,,
highway,geometric_degeneracy,catastrophic,0.6,1,0.3256010407489411,361731,0.9970386577338949,0.9729160161336043,0.8333333333333333,0.278669088063242,15.7969204864604,0.3185529161949918,,,,,,,,,,
highway,geometric_degeneracy,catastrophic,0.6,2,1.4884440480413768,361731,0.9967814278959392,0.9703210172018334,0.8333333333333333,0.27627370994048595,15.594803527721304,0.33525798778656635,,,,,,,,,,
highway,geometric_degeneracy,catastrophic,0.8,0,3.0292248421017525,361731,0.9949867721549016,0.9553486326051258,0.8333333333333333,0.29169709238726443,15.16607733517823,0.34811563748912794,,,,,,,,,,
highway,geometric_degeneracy,catastrophic,0.8,1,0.43413472099858835,361731,0.9951770008460941,0.9562760676737431,0.8333333333333333,0.29396932027039013,15.318349528667422,0.32183460512118794,,,,,,,,,,
highway,geometric_degeneracy,catastrophic,0.8,2,1.9845920640551689,361731,0.9949687934393933,0.954010398064601,0.8333333333333333,0.29178668939168373,15.08776426819088,0.34258936074982305,,,,,,,,,,
highway,geometric_degeneracy,catastrophic,1.0,0,3.7865310526271894,361731,0.992698750121439,0.9358861717110794,0.8333333333333333,0.2922430379451045,14.76697896696623,0.36015728444987116,,,,,,,,,,
highway,geometric_degeneracy,catastrophic,1.0,1,0.5426684012482353,361731,0.9930177194551406,0.93859869750753,0.8333333333333333,0.3246524491227394,14.903287201783643,0.3254997753733684,,,,,,,,,,
highway,geometric_degeneracy,catastrophic,1.0,2,2.4807400800689616,361731,0.9924166091903571,0.933819472880262,0.8333333333333333,0.3422780248716051,14.683064017881742,0.34795560768552203,,,,,,,,,,
highway,weather_dropout,catastrophic,0.0,0,0.0,361731,0.9989471340329439,0.9906074677322367,0.8333333333333333,0.30386442008419634,17.856130963027564,0.30056444496314777,,,,,,,0.0,80.0,,
highway,weather_dropout,catastrophic,0.0,1,0.0,361731,0.9990824811146694,0.9913263154524428,0.8333333333333333,0.2740081919961416,17.866847147849928,0.30100402289598294,,,,,,,0.0,80.0,,
highway,weather_dropout,catastrophic,0.0,2,0.0,361731,0.9992137415462674,0.992326767443751,0.9166666666666667,0.28973854582028513,17.828327436280954,0.2990385046008889,,,,,,,0.0,80.0,,
highway,weather_dropout,catastrophic,0.2,0,0.0,318247,0.999150581717526,0.9921928399090773,0.9166666666666667,0.2890570334899139,17.85269403623564,0.32394270310319284,,,,,,,0.12,69.0,,
highway,weather_dropout,catastrophic,0.2,1,0.0,318297,0.9991300981848232,0.9918987222608355,0.8333333333333333,0.30205680264243745,17.843603451995186,0.32493150455872666,,,,,,,0.12,69.0,,
highway,weather_dropout,catastrophic,0.2,2,0.0,318556,0.9991733291031284,0.9922304006815517,0.9166666666666667,0.31894443838237785,17.850185829908078,0.32831847121049496,,,,,,,0.12,69.0,,
highway,weather_dropout,catastrophic,0.4,0,0.0,275069,0.9992777253197556,0.9933888237743641,0.8333333333333333,0.30394898051271846,17.85448528602104,0.32793636185130204,,,,,,,0.24,58.0,,
highway,weather_dropout,catastrophic,0.4,1,0.0,275105,0.9991144725049658,0.9915822084701944,0.9166666666666667,0.3206434011102565,17.818824828528697,0.32361896283653635,,,,,,,0.24,58.0,,
highway,weather_dropout,catastrophic,0.4,2,0.0,275164,0.9991255052898728,0.9917459269921679,0.8333333333333333,0.32069281487398166,17.842806918752103,0.3265303456714159,,,,,,,0.24,58.0,,
highway,weather_dropout,catastrophic,0.6,0,0.0,228778,0.9990943023229782,0.9917211240161685,0.8333333333333333,0.3379099099718793,17.84766798138369,0.3261068941058155,,,,,,,0.36,47.0,,
highway,weather_dropout,catastrophic,0.6,1,0.0,229134,0.9989938305288067,0.9905895944170056,0.9166666666666667,0.3189384802994848,17.85311867270684,0.33080813328614966,,,,,,,0.36,47.0,,
highway,weather_dropout,catastrophic,0.6,2,0.0,229194,0.999116593971509,0.9914800356548016,0.9166666666666667,0.30352408643125856,17.784673421623268,0.32590723649285025,,,,,,,0.36,47.0,,
highway,weather_dropout,catastrophic,0.8,0,0.0,185195,0.9991963243999852,0.9926170871807912,0.9166666666666667,0.3202681074095163,17.84723178447775,0.33204748746809054,,,,,,,0.48,36.0,,
highway,weather_dropout,catastrophic,0.8,1,0.0,185548,0.9993311093037022,0.9937976890812465,0.8333333333333333,0.33420511777082135,17.841145471684424,0.32995277653939437,,,,,,,0.48,36.0,,
highway,weather_dropout,catastrophic,0.8,2,0.0,185807,0.9992349137678249,0.9929136554740594,0.8333333333333333,0.31844615868877746,17.82670816574715,0.32810189970415793,,,,,,,0.48,36.0,,
highway,weather_dropout,catastrophic,1.0,0,0.0,137550,0.9994428446859194,0.9948763429834323,0.8333333333333333,0.33322056395636024,17.8541336739245,0.32396800688254934,,,,,,,0.6,25.0,,
highway,weather_dropout,catastrophic,1.0,1,0.0,137700,0.9994808466589423,0.9951531301156621,0.8333333333333333,0.31853801835676515,17.865076312263316,0.32510743085467936,,,,,,,0.6,25.0,,
highway,weather_dropout,catastrophic,1.0,2,0.0,137800,0.999407374331293,0.9943867292328964,0.8333333333333333,0.3360241002873455,17.91903284661971,0.3258332794337238,,,,,,,0.6,25.0,,
highway,imu_saturation,catastrophic,0.0,0,0.0,361731,0.9989471340329439,0.9906074677322367,0.8333333333333333,0.30386442008419634,17.856130963027564,0.30056444496314777,,,,,,,,,0.0,
highway,imu_saturation,catastrophic,0.0,1,0.0,361731,0.9990824811146694,0.9913263154524428,0.8333333333333333,0.2740081919961416,17.866847147849928,0.30100402289598294,,,,,,,,,0.0,
highway,imu_saturation,catastrophic,0.0,2,0.0,361731,0.9992137415462674,0.992326767443751,0.9166666666666667,0.28973854582028513,17.828327436280954,0.2990385046008889,,,,,,,,,0.0,
highway,imu_saturation,catastrophic,0.2,0,0.0694307208661987,361731,0.9984829337969658,0.9841249621326438,0.9138403562863996,0.3117272257572815,17.42181798469933,0.3246717934245138,,,,,,,,,0.12,
highway,imu_saturation,catastrophic,0.2,1,0.0694307208661987,361731,0.9985740719397831,0.9858034181847694,0.8291075050709938,0.30863081648874363,17.33831739898314,0.328666074837752,,,,,,,,,0.12,
highway,imu_saturation,catastrophic,0.2,2,0.0694307208661987,361731,0.9991301646254176,0.9917010507689418,0.8324742268041236,0.28058481264397495,17.368757963169024,0.32573717191985707,,,,,,,,,0.12,
highway,imu_saturation,catastrophic,0.4,0,0.1388614417323974,361731,0.9982494913013932,0.9819111850223629,0.8292322834645669,0.27926899607685735,17.3059682462074,0.33857491903310477,,,,,,,,,0.24,
highway,imu_saturation,catastrophic,0.4,1,0.1388614417323974,361731,0.9989154278105844,0.9881776291249083,0.8316749585406301,0.32672368034324867,17.18590640305409,0.342061260501335,,,,,,,,,0.24,
highway,imu_saturation,catastrophic,0.4,2,0.1388614417323974,361731,0.9981911934952944,0.9849103311529681,0.8300557194362503,0.28028484686289645,17.231199125736616,0.33848422478609846,,,,,,,,,0.24,
highway,imu_saturation,catastrophic,0.6,0,0.2082921625985961,361731,0.9985533439128906,0.9831282880806687,0.8299526707234617,0.3067551056381214,17.23401029910045,0.3502643608275562,,,,,,,,,0.36,
highway,imu_saturation,catastrophic,0.6,1,0.2082921625985961,361731,0.9992839736232888,0.9930189656404633,0.8325024925224327,0.3226785582291629,17.065083403518717,0.3580828484372264,,,,,,,,,0.36,
highway,imu_saturation,catastrophic,0.6,2,0.2082921625985961,361731,0.9992175286226166,0.9923503148012768,0.832494125545485,0.2913450519533949,17.136285941030533,0.3519476417626125,,,,,,,,,0.36,
highway,imu_saturation,catastrophic,0.8,0,0.2777228834647948,361731,0.9983683527974061,0.9848489069238034,0.8291583166332666,0.27608555778738453,17.19246501966296,0.36221427039998544,,,,,,,,,0.48,
highway,imu_saturation,catastrophic,0.8,1,0.2777228834647948,361731,0.9983983886682405,0.983818340455744,0.8292363159619797,0.34211131803571393,16.997454478749532,0.3737433598358869,,,,,,,,,0.48,
highway,imu_saturation,catastrophic,0.8,2,0.2777228834647948,361731,0.9985873838637542,0.9863385870057979,0.8300198807157056,0.29076880148820605,17.074341078127507,0.3657862408761672,,,,,,,,,0.48,
highway,imu_saturation,catastrophic,1.0,0,0.3471536043309935,361731,0.9959118026342713,0.9648712048461359,0.8211041229909154,0.2755946458334738,17.099969414826884,0.37241617167491803,,,,,,,,,0.6,
highway,imu_saturation,catastrophic,1.0,1,0.3471536043309935,361731,0.9958543384966007,0.9602330037529425,0.8217362491716368,0.30460573447569383,16.94070246157266,0.3845748298106354,,,,,,,,,0.6,
highway,imu_saturation,catastrophic,1.0,2,0.3471536043309935,361731,0.9973455932640397,0.9738339699425377,0.8238243430152143,0.2900974780097657,16.987606637677448,0.37715153943688196,,,,,,,,,0.6,
highway,random_walk,phenomenological,0.0,0,0.0,361731,0.9989471340329439,0.9906074677322367,0.8333333333333333,0.30386442008419634,17.856130963027564,0.30056444496314777,,,,,,,,,,0.0
highway,random_walk,phenomenological,0.0,1,0.0,361731,0.9990824811146694,0.9913263154524428,0.8333333333333333,0.2740081919961416,17.866847147849928,0.30100402289598294,,,,,,,,,,0.0
highway,random_walk,phenomenological,0.0,2,0.0,361731,0.9992137415462674,0.992326767443751,0.9166666666666667,0.28973854582028513,17.828327436280954,0.2990385046008889,,,,,,,,,,0.0
highway,random_walk,phenomenological,0.2,0,0.3373564451839221,361731,0.9616098959683238,0.7299229603164543,0.7963590177815412,0.3052052527628209,17.60389276364665,0.3298912592606597,,,,,,,,,,0.024
highway,random_walk,phenomenological,0.2,1,0.43942074851751245,361731,0.9767395663842439,0.8242922426373983,0.7657856093979442,0.35862926974150966,17.581106104832518,0.3394407301766259,,,,,,,,,,0.024
highway,random_walk,phenomenological,0.2,2,0.23591303193069782,361731,0.9689271357808295,0.7746289948986608,0.8810316139767055,0.32270005951421604,17.580006865636772,0.3194827592383489,,,,,,,,,,0.024
highway,random_walk,phenomenological,0.4,0,0.6747128903678442,361731,0.9708984838107916,0.778766845039618,0.7288828337874659,0.3560201283478288,17.48826354780158,0.34733524555527484,,,,,,,,,,0.048
highway,random_walk,phenomenological,0.4,1,0.8788414970350249,361731,0.9884528121030984,0.8921088031027568,0.9554924242424242,0.35420563169072694,17.445132191696395,0.361174169562266,,,,,,,,,,0.048
highway,random_walk,phenomenological,0.4,2,0.47182606386139564,361731,0.9879070867369575,0.8896697488575462,0.8710569105691057,0.37914266317334155,17.483704918432203,0.33641834337522025,,,,,,,,,,0.048
highway,random_walk,phenomenological,0.6,0,1.012069335551766,361731,0.9771599690229714,0.8185651615435906,0.8510655216284988,0.3203312691527289,17.41978191030182,0.35832346127226966,,,,,,,,,,0.072
highway,random_walk,phenomenological,0.6,1,1.3182622455525372,361731,0.9922865477842571,0.9309217449554431,0.8904262086513995,0.35362260004430834,17.375875028465636,0.3739114255895367,,,,,,,,,,0.072
highway,random_walk,phenomenological,0.6,2,0.7077390957920933,361731,0.9896378313140648,0.9085865517117375,0.7992063492063491,0.31879104084904797,17.41240662887944,0.3469451703004618,,,,,,,,,,0.072
highway,random_walk,phenomenological,0.8,0,1.3494257807356884,361731,0.9924056344005473,0.9288081522708396,0.8120095530535653,0.37641092695444117,17.344029260654874,0.3676120823928759,,,,,,,,,,0.096
highway,random_walk,phenomenological,0.8,1,1.7576829940700498,361731,0.995085967463125,0.9554370772408484,0.8177132146204311,0.35278988219328655,17.307545504871594,0.39284060756026234,,,,,,,,,,0.096
highway,random_walk,phenomenological,0.8,2,0.9436521277227913,361731,0.9926166758790212,0.9283782468387408,0.8910070785070786,0.37445002693680474,17.339396226875728,0.35649877504546257,,,,,,,,,,0.096
highway,random_walk,phenomenological,1.0,0,1.6867822259196106,361731,0.9934427544492046,0.9397089085915884,0.8162743091095189,0.37520025741315766,17.301754235604818,0.3809445217824571,,,,,,,,,,0.12
highway,random_walk,phenomenological,1.0,1,2.1971037425875624,361731,0.9957113802543053,0.9588144556646322,0.8206228153797267,0.35322450234650316,17.256555479339532,0.4107307916303753,,,,,,,,,,0.12
highway,random_walk,phenomenological,1.0,2,1.179565159653489,361731,0.9937726522380141,0.9405952514965503,0.9821958456973294,0.3328726587778047,17.26568773573813,0.3653023965229022,,,,,,,,,,0.12
tunnel,sensor_noise,noise,0.0,0,0.0,670090,0.9894292326328595,0.8674346213773647,0.9636267791249341,0.34988461186294756,18.36666560251381,0.17964447644948572,0.02,,,,,,,,,
tunnel,sensor_noise,noise,0.0,1,0.0,670090,0.9892592597883264,0.8630333867932178,0.9642289348171701,0.3535251946068695,18.325358398414696,0.1819625199491111,0.02,,,,,,,,,
tunnel,sensor_noise,noise,0.0,2,0.0,670090,0.9882335798501994,0.8535100105751645,0.9583555792845702,0.3528237758930309,18.46731210387017,0.1806497246119522,0.02,,,,,,,,,
tunnel,sensor_noise,noise,0.2,0,0.0,670090,0.975569674445305,0.7789838336130708,0.9618018967334035,0.3426010840744052,16.843081495228024,0.18480097966225972,0.046,,,,,,,,,
tunnel,sensor_noise,noise,0.2,1,0.0,670090,0.9759479479902275,0.7810083518775537,0.9649960222752586,0.35321740534088775,16.81355245307285,0.18702118945970875,0.046,,,,,,,,,
tunnel,sensor_noise,noise,0.2,2,0.0,670090,0.9746543406614672,0.7688941319916676,0.956268221574344,0.34329491235761483,16.94154748862696,0.1856071592224942,0.046,,,,,,,,,
tunnel,sensor_noise,noise,0.4,0,0.0,670090,0.9519958233099437,0.663608124227237,0.9292477643345608,0.3570344482035454,16.05814168162663,0.1911345007032299,0.07200000000000001,,,,,,,,,
tunnel,sensor_noise,noise,0.4,1,0.0,670090,0.9519305184389034,0.6639348229617051,0.930888947507254,0.34217844461200286,16.03768231235122,0.1934118673620145,0.07200000000000001,,,,,,,,,
tunnel,sensor_noise,noise,0.4,2,0.0,670090,0.9511751399165151,0.6582408361025927,0.9315177154944474,0.36788981747467775,16.155274967156938,0.1917884213075565,0.07200000000000001,,,,,,,,,
tunnel,sensor_noise,noise,0.6,0,0.0,670090,0.9187756537743934,0.5484140866641356,0.7181243414120126,0.3842519033465605,15.519130732226262,0.1981402694889891,0.098,,,,,,,,,
tunnel,sensor_noise,noise,0.6,1,0.0,670090,0.9185778790906421,0.5489885885609563,0.7175066312997348,0.3812922149691359,15.494518965522387,0.20051136248592444,0.098,,,,,,,,,
tunnel,sensor_noise,noise,0.6,2,0.0,670090,0.9181896164596427,0.5448848191820312,0.7149273447820343,0.36649719180802615,15.59885328243158,0.19870748740000288,0.098,,,,,,,,,
tunnel,sensor_noise,noise,0.8,0,0.0,670090,0.8781741443851395,0.4512748204710348,0.44441524310118263,0.38103625313065426,15.098328399638751,0.20550302625180478,0.12400000000000001,,,,,,,,,
tunnel,sensor_noise,noise,0.8,1,0.0,670090,0.8776552454589599,0.4514326655583717,0.43283582089552236,0.40067012930371665,15.070507970230686,0.20794128261736836,0.12400000000000001,,,,,,,,,
tunnel,sensor_noise,noise,0.8,2,0.0,670090,0.8774518444819286,0.4493980797083309,0.4330958036421219,0.395499450267698,15.16320778003089,0.20606449828507023,0.12400000000000001,,,,,,,,,
tunnel,sensor_noise,noise,1.0,0,0.0,670090,0.8325163752591188,0.37545558009873453,0.2643496577145866,0.4359281128090644,14.73906656668122,0.21304231268485396,0.15,,,,,,,,,
tunnel,sensor_noise,noise,1.0,1,0.0,670090,0.831794415103095,0.3753048562710697,0.2582109479305741,0.34791924733207963,14.712406298999966,0.21557942287042237,0.15,,,,,,,,,
tunnel,sensor_noise,noise,1.0,2,0.0,670090,0.8315865989859061,0.3739874527770459,0.2546846133544471,0.3821584938061634,14.796598432775381,0.213585670557486,0.15,,,,,,,,,
tunnel,accel_bias,bias,0.0,0,0.0,670090,0.9894292326328595,0.8674346213773647,0.9636267791249341,0.34988461186294756,18.36666560251381,0.17964447644948572,,0.0,0.0,,,,,,,
tunnel,accel_bias,bias,0.0,1,0.0,670090,0.9892592597883264,0.8630333867932178,0.9642289348171701,0.3535251946068695,18.325358398414696,0.1819625199491111,,0.0,0.0,,,,,,,
tunnel,accel_bias,bias,0.0,2,0.0,670090,0.9882335798501994,0.8535100105751645,0.9583555792845702,0.3528237758930309,18.46731210387017,0.1806497246119522,,0.0,0.0,,,,,,,
tunnel,accel_bias,bias,0.2,0,0.17776763859038017,670090,0.9830544559555134,0.8350061710060602,0.8040773589554077,0.3308485986311488,18.039442985351094,0.2094648587214067,,0.002,0.2038735983690112,,,,,,,
tunnel,accel_bias,bias,0.2,1,0.17776763859038017,670090,0.982938906675621,0.831801681508448,0.8843297437801709,0.34932681490990736,18.011212077693443,0.21026017452609147,,0.002,0.2038735983690112,,,,,,,
tunnel,accel_bias,bias,0.2,2,0.17776763859038017,670090,0.9826319165517929,0.8307958869616086,0.8023082650781831,0.33286535644315535,18.125661235627668,0.20919702585691502,,0.002,0.2038735983690112,,,,,,,
tunnel,accel_bias,bias,0.4,0,0.35553527718076033,670090,0.9707472147786745,0.7614640210547947,0.7848948374760993,0.3154863153652715,17.70009321666779,0.25153718205723297,,0.004,0.4077471967380224,,,,,,,
tunnel,accel_bias,bias,0.4,1,0.35553527718076033,670090,0.9703686266191426,0.7590456928315813,0.7829056555598111,0.31287362982283434,17.666423417045543,0.2526540494126186,,0.004,0.4077471967380224,,,,,,,
tunnel,accel_bias,bias,0.4,2,0.35553527718076033,670090,0.9694355868875857,0.7547190861652457,0.859001406469761,0.3084992909283571,17.759668732857886,0.2511364213671041,,0.004,0.4077471967380224,,,,,,,
tunnel,accel_bias,bias,0.6,0,0.5333029157711404,670090,0.9602588386837877,0.7055960060104844,0.7574314024390243,0.3105215829258963,17.4017642474908,0.29739076507459794,,0.006,0.6116207951070336,,,,,,,
tunnel,accel_bias,bias,0.6,1,0.5333029157711404,670090,0.9596402290412358,0.6996044584178996,0.9064171122994652,0.31542827566873793,17.368639529623675,0.2983113804486506,,0.006,0.6116207951070336,,,,,,,
tunnel,accel_bias,bias,0.6,2,0.5333029157711404,670090,0.9593793077552615,0.6998821541343255,0.9021244309559939,0.32621611147203916,17.462759400149036,0.29699858153105296,,0.006,0.6116207951070336,,,,,,,
tunnel,accel_bias,bias,0.8,0,0.7110705543615207,670090,0.9457867076516241,0.6442204109313071,0.7033726385190819,0.32629303949187405,17.14849511943185,0.34476688616421414,,0.008,0.8154943934760448,,,,,,,
tunnel,accel_bias,bias,0.8,1,0.7110705543615207,670090,0.9458432522820256,0.6436640522947834,0.7778098167371524,0.3154494633754967,17.12178117732208,0.34547656279886496,,0.008,0.8154943934760448,,,,,,,
tunnel,accel_bias,bias,0.8,2,0.7110705543615207,670090,0.945754220943635,0.646509038259975,0.8483231707317073,0.32727692916060924,17.219108748557566,0.3443136532861918,,0.008,0.8154943934760448,,,,,,,
tunnel,accel_bias,bias,1.0,0,0.8888381929519007,670090,0.9302075754306773,0.5814754432593329,0.7482758620689656,0.32960315965775183,16.94080915447379,0.3906349165903279,,0.01,1.019367991845056,,,,,,,
tunnel,accel_bias,bias,1.0,1,0.8888381929519007,670090,0.9317999815525592,0.5895952459684135,0.7571428571428571,0.3072394613014256,16.905776148844055,0.39166249826750793,,0.01,1.019367991845056,,,,,,,
tunnel,accel_bias,bias,1.0,2,0.8888381929519007,670090,0.930302944894286,0.5858727033542885,0.7551963048498845,0.32546538770283656,16.993247869737164,0.3908991131113551,,0.01,1.019367991845056,,,,,,,
tunnel,gyro_bias,bias,0.0,0,0.0,670090,0.9894292326328595,0.8674346213773647,0.9636267791249341,0.34988461186294756,18.36666560251381,0.17964447644948572,,,,0.0,0.0,,,,,
tunnel,gyro_bias,bias,0.0,1,0.0,670090,0.9892592597883264,0.8630333867932178,0.9642289348171701,0.3535251946068695,18.325358398414696,0.1819625199491111,,,,0.0,0.0,,,,,
tunnel,gyro_bias,bias,0.0,2,0.0,670090,0.9882335798501994,0.8535100105751645,0.9583555792845702,0.3528237758930309,18.46731210387017,0.1806497246119522,,,,0.0,0.0,,,,,
tunnel,gyro_bias,bias,0.2,0,0.09801089092114784,670090,0.9814695675746301,0.8203027911331953,0.9607911172796669,0.34984638946561797,17.970452616516738,0.20482016551775628,,,,2e-05,4.1252961249419275,,,,,
tunnel,gyro_bias,bias,0.2,1,0.09801089092114784,670090,0.9817328728521715,0.8205973736696769,0.882231884057971,0.3500247200591221,17.94608611815837,0.20697720129160246,,,,2e-05,4.1252961249419275,,,,,
tunnel,gyro_bias,bias,0.2,2,0.09801089092114784,670090,0.9806779457595893,0.8142681527927627,0.8789253314724356,0.35191710661509934,18.063326795565043,0.20588644516538995,,,,2e-05,4.1252961249419275,,,,,
tunnel,gyro_bias,bias,0.4,0,0.19602178184229568,670090,0.9652624498505706,0.728935924270453,0.827372393961179,0.3398467445293089,17.602471284052765,0.24520547481009825,,,,4e-05,8.250592249883855,,,,,
tunnel,gyro_bias,bias,0.4,1,0.19602178184229568,670090,0.9656771617554262,0.7288639515501286,0.8319188636090046,0.34362507488836963,17.580560085636957,0.24747655610448227,,,,4e-05,8.250592249883855,,,,,
tunnel,gyro_bias,bias,0.4,2,0.19602178184229568,670090,0.9634075074429386,0.7173135597495965,0.8922351233671988,0.34700091568042774,17.702368138360363,0.24608402269663143,,,,4e-05,8.250592249883855,,,,,
tunnel,gyro_bias,bias,0.6,0,0.2940326727634435,670090,0.9540448839274083,0.6749200129510992,0.7788998059194566,0.336369060657785,17.314016453758835,0.28831631991242157,,,,6e-05,12.375888374825783,,,,,
tunnel,gyro_bias,bias,0.6,1,0.2940326727634435,670090,0.9540306138111213,0.6746636542094813,0.8460980036297641,0.33917604220731934,17.28194264327075,0.2910725661412615,,,,6e-05,12.375888374825783,,,,,
tunnel,gyro_bias,bias,0.6,2,0.2940326727634435,670090,0.9517454828029052,0.6662446920864361,0.8415697674418605,0.3440724334983531,17.405629069664457,0.28947569134197637,,,,6e-05,12.375888374825783,,,,,
tunnel,gyro_bias,bias,0.8,0,0.39204356368459137,670090,0.9332696362523996,0.5893041305460102,0.7500912075884714,0.3321794515411281,17.067626622260114,0.33093273909310095,,,,8e-05,16.50118449976771,,,,,
tunnel,gyro_bias,bias,0.8,1,0.39204356368459137,670090,0.9331122608058351,0.5901822051229526,0.6213961477119372,0.3355970630645262,17.03899229844542,0.33452313491754815,,,,8e-05,16.50118449976771,,,,,
tunnel,gyro_bias,bias,0.8,2,0.39204356368459137,670090,0.9313137020666563,0.5865395358553237,0.7404946474713917,0.3400289427065397,17.158502450790436,0.33306205876429873,,,,8e-05,16.50118449976771,,,,,
tunnel,gyro_bias,bias,1.0,0,0.49005445460573926,670090,0.9232639747241859,0.5596302898610868,0.6293731778425656,0.32726455913460917,16.86287271784179,0.3725281242009969,,,,0.0001,20.626480624709636,,,,,
tunnel,gyro_bias,bias,1.0,1,0.49005445460573926,670090,0.9242414620724324,0.5624456871420003,0.5755417579741904,0.3324815981944201,16.829960629776842,0.37690987611382654,,,,0.0001,20.626480624709636,,,,,
tunnel,gyro_bias,bias,1.0,2,0.49005445460573926,670090,0.9216933456315548,0.5550979860104713,0.6906261578362356,0.3370238771741542,16.943826465807856,0.37495418850449913,,,,0.0001,20.626480624709636,,,,,
tunnel,dynamic_objects,catastrophic,0.0,0,0.0,670121,0.9864133295828297,0.8399438441203816,0.9566710700132101,0.3530499973839224,18.394109856390926,0.197082412630464,,,,,,1.0,,,,
tunnel,dynamic_objects,catastrophic,0.0,1,0.0,670369,0.9891077486462574,0.8642741781116254,0.9639448568398727,0.22248935957907806,18.43961571533155,0.19956883993153224,,,,,,1.0,,,,
tunnel,dynamic_objects,catastrophic,0.0,2,0.0,670368,0.9888771625655025,0.8617929185305662,0.9638970002654632,0.3505248503663174,18.42996029389337,0.20284659785266293,,,,,,1.0,,,,
tunnel,dynamic_objects,catastrophic,0.2,0,0.0,670172,0.9865381729700766,0.8441242630974224,0.955579058699101,0.345799558130989,18.307628880244046,0.20045679360858482,,,,,,2.0,,,,
tunnel,dynamic_objects,catastrophic,0.2,1,0.0,670484,0.988851918328221,0.8619617730702609,0.9607531158843808,0.21530547609244638,18.36728189846467,0.20469606228210543,,,,,,2.0,,,,
tunnel,dynamic_objects,catastrophic,0.2,2,0.0,670368,0.9887832522614755,0.861086770394988,0.9633660737987789,0.3505830149925305,18.428690395645347,0.20286338338672105,,,,,,2.0,,,,
tunnel,dynamic_objects,catastrophic,0.4,0,0.0,670172,0.9863622379059969,0.842582833854785,0.9547858276044421,0.34587547397816665,18.306219049601218,0.20047659722555908,,,,,,3.0,,,,
tunnel,dynamic_objects,catastrophic,0.4,1,0.0,670498,0.988020790550957,0.8564788741105822,0.9595529536987759,0.21890309418479198,18.304074932598244,0.2117146526259408,,,,,,3.0,,,,
tunnel,dynamic_objects,catastrophic,0.4,2,0.0,670452,0.9885285800237419,0.8573889732866878,0.9640401903754627,0.3708426122183752,18.319643708307986,0.20425445342820095,,,,,,3.0,,,,
tunnel,dynamic_objects,catastrophic,0.6,0,0.0,670172,0.9863622379059969,0.842582833854785,0.9547858276044421,0.34587547397816665,18.306219049601218,0.20047659722555908,,,,,,4.0,,,,
tunnel,dynamic_objects,catastrophic,0.6,1,0.0,670645,0.9868391721905201,0.8462252403841595,0.9518518518518518,0.23407232064908418,18.284797167427637,0.21224889459605434,,,,,,4.0,,,,
tunnel,dynamic_objects,catastrophic,0.6,2,0.0,670558,0.9868209110324176,0.8468178950487195,0.953414505029116,0.3645448947290231,18.30311776840013,0.20289731297378089,,,,,,4.0,,,,
tunnel,dynamic_objects,catastrophic,0.8,0,0.0,670248,0.9846790674360425,0.8303260698234174,0.9504504504504504,0.3438386654359638,18.28884503815163,0.20969076782122914,,,,,,5.0,,,,
tunnel,dynamic_objects,catastrophic,0.8,1,0.0,670871,0.9854205296379944,0.8341621788556277,0.9509364283830124,0.2222162650393757,18.247792599739995,0.22157007341003376,,,,,,5.0,,,,
tunnel,dynamic_objects,catastrophic,0.8,2,0.0,670603,0.987368331637845,0.8568570218121467,0.9572559366754617,0.3362090374037635,18.3334788338095,0.2015397252031479,,,,,,5.0,,,,
tunnel,dynamic_objects,catastrophic,1.0,0,0.0,670248,0.9845267219487178,0.8295651257908803,0.9499205087440381,0.34391574083564674,18.288593325048595,0.20969282606931877,,,,,,6.0,,,,
tunnel,dynamic_objects,catastrophic,1.0,1,0.0,670881,0.9836323142135344,0.8237534048956406,0.9397975492807672,0.2518826180729303,18.218121314733548,0.22043734036932455,,,,,,6.0,,,,
tunnel,dynamic_objects,catastrophic,1.0,2,0.0,670603,0.987368331637845,0.8568570218121467,0.9572559366754617,0.3362090374037635,18.3334788338095,0.2015397252031479,,,,,,6.0,,,,
tunnel,geometric_degeneracy,catastrophic,0.0,0,0.0,670090,0.9894292326328595,0.8674346213773647,0.9636267791249341,0.34988461186294756,18.36666560251381,0.17964447644948572,,,,,,,,,,
tunnel,geometric_degeneracy,catastrophic,0.0,1,0.0,670090,0.9892592597883264,0.8630333867932178,0.9642289348171701,0.3535251946068695,18.325358398414696,0.1819625199491111,,,,,,,,,,
tunnel,geometric_degeneracy,catastrophic,0.0,2,0.0,670090,0.9882335798501994,0.8535100105751645,0.9583555792845702,0.3528237758930309,18.46731210387017,0.1806497246119522,,,,,,,,,,
tunnel,geometric_degeneracy,catastrophic,0.2,0,0.7573062105254381,670090,0.9884623430087192,0.8572128234755444,0.9597883597883597,0.3477532116756307,18.186670907631928,0.19665029376872142,,,,,,,,,,
tunnel,geometric_degeneracy,catastrophic,0.2,1,0.10853368024964709,670090,0.9891295533622193,0.8666433426099552,0.9646746347941567,0.35452593872886157,18.193277907009826,0.18866987388037618,,,,,,,,,,
tunnel,geometric_degeneracy,catastrophic,0.2,2,0.4961480160137922,670090,0.9889618394724442,0.8647631047536555,0.9634727368978295,0.34012830552623635,18.273517365221494,0.19577550350284362,,,,,,,,,,
tunnel,geometric_degeneracy,catastrophic,0.4,0,1.5146124210508762,670090,0.9880789274557256,0.8573834423627043,0.9602510460251046,0.34567124757593265,17.837203228141668,0.2014551144862386,,,,,,,,,,
tunnel,geometric_degeneracy,catastrophic,0.4,1,0.21706736049929418,670090,0.988251902091383,0.8602096528213157,0.9613848202396804,0.33494579204773095,17.8741132167177,0.19351039345653237,,,,,,,,,,
tunnel,geometric_degeneracy,catastrophic,0.4,2,0.9922960320275844,670090,0.9882055413612766,0.8577343112848812,0.9618521441725861,0.3310123018661552,17.919340445607595,0.20073192525124195,,,,,,,,,,
tunnel,geometric_degeneracy,catastrophic,0.6,0,2.271918631576314,670090,0.9869144766299239,0.8521170486759162,0.9591571279916753,0.3407760426733188,17.510790973290515,0.2081687183948713,,,,,,,,,,
tunnel,geometric_degeneracy,catastrophic,0.6,1,0.3256010407489411,670090,0.9871909756479653,0.8543467301873107,0.8853089366215858,0.3362946693050983,17.547414044772164,0.1959814436929712,,,,,,,,,,
tunnel,geometric_degeneracy,catastrophic,0.6,2,1.4884440480413768,670090,0.9871467146946113,0.8537334545417314,0.9678439641539273,0.3459144572103635,17.531053514574218,0.20535450006196745,,,,,,,,,,
tunnel,geometric_degeneracy,catastrophic,0.8,0,3.0292248421017525,670090,0.9850326994397685,0.8391780557832011,0.9607227022780833,0.3226909413959094,17.16595316397093,0.21982648757689655,,,,,,,,,,
tunnel,geometric_degeneracy,catastrophic,0.8,1,0.43413472099858835,670090,0.9852582145082255,0.8408108249612217,0.9636989931107578,0.3462046432642409,17.233066303092723,0.19736498697233634,,,,,,,,,,
tunnel,geometric_degeneracy,catastrophic,0.8,2,1.9845920640551689,670090,0.9846236778935714,0.8377714727315226,0.9626315789473684,0.33319645655261915,17.194817128250893,0.2137495747678929,,,,,,,,,,
tunnel,geometric_degeneracy,catastrophic,1.0,0,3.7865310526271894,670090,0.9826607798967449,0.8252772114470737,0.9627136198860694,0.3103456075774968,16.885106073113164,0.2365220812792647,,,,,,,,,,
tunnel,geometric_degeneracy,catastrophic,1.0,1,0.5426684012482353,670090,0.982161176784896,0.8183730871139093,0.9607218683651805,0.33980064141065286,16.940233576080423,0.1998594776435924,,,,,,,,,,
tunnel,geometric_degeneracy,catastrophic,1.0,2,2.4807400800689616,670090,0.9816593402546084,0.8179263664189067,0.9636125654450262,0.33673334997919635,16.88927626044412,0.22085613873744048,,,,,,,,,,
tunnel,weather_dropout,catastrophic,0.0,0,0.0,670090,0.9894292326328595,0.8674346213773647,0.9636267791249341,0.34988461186294756,18.36666560251381,0.17964447644948572,,,,,,,0.0,80.0,,
tunnel,weather_dropout,catastrophic,0.0,1,0.0,670090,0.9892592597883264,0.8630333867932178,0.9642289348171701,0.3535251946068695,18.325358398414696,0.1819625199491111,,,,,,,0.0,80.0,,
tunnel,weather_dropout,catastrophic,0.0,2,0.0,670090,0.9882335798501994,0.8535100105751645,0.9583555792845702,0.3528237758930309,18.46731210387017,0.1806497246119522,,,,,,,0.0,80.0,,
tunnel,weather_dropout,catastrophic,0.2,0,0.0,589377,0.9886878911125198,0.8556596458906613,0.9599679743795037,0.34416561317662886,18.380357390316362,0.19901326217208504,,,,,,,0.12,69.0,,
tunnel,weather_dropout,catastrophic,0.2,1,0.0,590024,0.9885436165204192,0.8557136617040959,0.9583889037076554,0.35378341443502626,18.32938518860121,0.20047136655617034,,,,,,,0.12,69.0,,
tunnel,weather_dropout,catastrophic,0.2,2,0.0,590027,0.9895875416246573,0.8702326269429045,0.9636752136752137,0.34511290732543143,18.400353417079604,0.1987145596349333,,,,,,,0.12,69.0,,
tunnel,weather_dropout,catastrophic,0.4,0,0.0,509381,0.9891481310191438,0.864897219469104,0.9606636339309607,0.3563308020074357,18.39646092271923,0.19754228978941582,,,,,,,0.24,58.0,,
tunnel,weather_dropout,catastrophic,0.4,1,0.0,509424,0.9891467468773893,0.8628914449460292,0.9642199421204946,0.33793102073751774,18.38456349779835,0.19793498248146613,,,,,,,0.24,58.0,,
tunnel,weather_dropout,catastrophic,0.4,2,0.0,509327,0.9887503719110131,0.8609598870054153,0.9632177824821382,0.34794509043803845,18.410475449155733,0.19645282001126968,,,,,,,0.24,58.0,,
tunnel,weather_dropout,catastrophic,0.6,0,0.0,428080,0.9884975355550494,0.8565474944431336,0.9602964531498147,0.3474499604661662,18.36526013402903,0.20171128712537367,,,,,,,0.36,47.0,,
tunnel,weather_dropout,catastrophic,0.6,1,0.0,428701,0.9893810323640675,0.8638404372175741,0.9631983055334922,0.3575261531483324,18.357349209005427,0.19926926294295366,,,,,,,0.36,47.0,,
tunnel,weather_dropout,catastrophic,0.6,2,0.0,428527,0.9896244698153599,0.8674205365596113,0.9670388091440723,0.344562107519542,18.390930257779647,0.19769037615539986,,,,,,,0.36,47.0,,
tunnel,weather_dropout,catastrophic,0.8,0,0.0,347389,0.9889392757056552,0.8598743542194998,0.9645144076840982,0.3413922054121529,18.397870241783682,0.19934251137751932,,,,,,,0.48,36.0,,
tunnel,weather_dropout,catastrophic,0.8,1,0.0,347252,0.9886798841399447,0.8589663882269815,0.9602108036890645,0.35223516303272845,18.439671479457058,0.19837495076348036,,,,,,,0.48,36.0,,
tunnel,weather_dropout,catastrophic,0.8,2,0.0,346960,0.9893919673630578,0.8660085779397055,0.9663011500401176,0.3536556969272634,18.476426108904473,0.19699533498476507,,,,,,,0.48,36.0,,
tunnel,weather_dropout,catastrophic,1.0,0,0.0,265436,0.9886364161980438,0.8593537734316249,0.9627673620279905,0.3489532912879832,18.435871743457792,0.19637844635377022,,,,,,,0.6,25.0,,
tunnel,weather_dropout,catastrophic,1.0,1,0.0,265469,0.9891961847789256,0.8647609425496924,0.8858686067019401,0.34733871890106255,18.436817214229865,0.19893189538871922,,,,,,,0.6,25.0,,
tunnel,weather_dropout,catastrophic,1.0,2,0.0,265835,0.988748472182001,0.8587965901290732,0.9609976120986999,0.3520211836823509,18.33858037944243,0.1983980188198028,,,,,,,0.6,25.0,,
tunnel,imu_saturation,catastrophic,0.0,0,0.0,670090,0.9894292326328595,0.8674346213773647,0.9636267791249341,0.34988461186294756,18.36666560251381,0.17964447644948572,,,,,,,,,0.0,
tunnel,imu_saturation,catastrophic,0.0,1,0.0,670090,0.9892592597883264,0.8630333867932178,0.9642289348171701,0.3535251946068695,18.325358398414696,0.1819625199491111,,,,,,,,,0.0,
tunnel,imu_saturation,catastrophic,0.0,2,0.0,670090,0.9882335798501994,0.8535100105751645,0.9583555792845702,0.3528237758930309,18.46731210387017,0.1806497246119522,,,,,,,,,0.0,
tunnel,imu_saturation,catastrophic,0.2,0,0.0694307208661987,670090,0.8694917223890827,0.41838445159853943,0.5566429418742586,0.2407230947673644,16.093747451279402,0.22857549899044383,,,,,,,,,0.12,
tunnel,imu_saturation,catastrophic,0.2,1,0.0694307208661987,670090,0.8667870181381859,0.41651188276566115,0.5584916864608076,0.2365203281172606,16.066873951912957,0.23054439024365064,,,,,,,,,0.12,
tunnel,imu_saturation,catastrophic,0.2,2,0.0694307208661987,670090,0.8658975039143411,0.41424407491427834,0.5501028504260946,0.2389925571076263,16.157620860769324,0.22990976318469433,,,,,,,,,0.12,
tunnel,imu_saturation,catastrophic,0.4,0,0.1388614417323974,670090,0.8423375727892592,0.3698102142688538,0.5465116279069767,0.197598832853217,15.335042716711964,0.28046081242333115,,,,,,,,,0.24,
tunnel,imu_saturation,catastrophic,0.4,1,0.1388614417323974,670090,0.8398673409265347,0.3679668957061489,0.548305353183402,0.1912802196858373,15.302140792151647,0.28185815780188667,,,,,,,,,0.24,
tunnel,imu_saturation,catastrophic,0.4,2,0.1388614417323974,670090,0.8421925935983038,0.367498106796682,0.5508582326764145,0.19194044525347823,15.320076835228045,0.281712175702345,,,,,,,,,0.24,
tunnel,imu_saturation,catastrophic,0.6,0,0.2082921625985961,670090,0.8384582368402267,0.3591027271005746,0.5291603053435114,0.17737598983498637,14.870778519683864,0.332211174872004,,,,,,,,,0.36,
tunnel,imu_saturation,catastrophic,0.6,1,0.2082921625985961,670090,0.8344635787236503,0.35449695982805207,0.5179549604382228,0.16731520683371393,14.842089153494214,0.3317137150360034,,,,,,,,,0.36,
tunnel,imu_saturation,catastrophic,0.6,2,0.2082921625985961,670090,0.8364417937724591,0.3555244228354553,0.5181762168823167,0.1672129684394518,14.831393138095168,0.33176182888288014,,,,,,,,,0.36,
tunnel,imu_saturation,catastrophic,0.8,0,0.2777228834647948,670090,0.8456443071543502,0.36259943439490994,0.5211352657004831,0.15705655004676256,14.548864626258597,0.3827562251168588,,,,,,,,,0.48,
tunnel,imu_saturation,catastrophic,0.8,1,0.2777228834647948,670090,0.8452792017829146,0.3607016272413363,0.5215794306703397,0.15651449802608286,14.482609807876113,0.3818720593788014,,,,,,,,,0.48,
tunnel,imu_saturation,catastrophic,0.8,2,0.2777228834647948,670090,0.8419641738779762,0.36046344292508187,0.5137446548564447,0.156818336929187,14.507115922705275,0.38230902012827983,,,,,,,,,0.48,
tunnel,imu_saturation,catastrophic,1.0,0,0.3471536043309935,670090,0.855857979692457,0.3769056911016495,0.5412582990831489,0.1894062937913792,14.298449404388386,0.43228957420389974,,,,,,,,,0.6,
tunnel,imu_saturation,catastrophic,1.0,1,0.3471536043309935,670090,0.8572931691974158,0.3788272836020709,0.5432372505543237,0.14031132877027572,14.272454770815376,0.42901125848724403,,,,,,,,,0.6,
tunnel,imu_saturation,catastrophic,1.0,2,0.3471536043309935,670090,0.8536827130549672,0.37410928319717657,0.532844387755102,0.14304430066941698,14.273434526467758,0.430971679294197,,,,,,,,,0.6,
tunnel,random_walk,phenomenological,0.0,0,0.0,670090,0.9894292326328595,0.8674346213773647,0.9636267791249341,0.34988461186294756,18.36666560251381,0.17964447644948572,,,,,,,,,,0.0
tunnel,random_walk,phenomenological,0.0,1,0.0,670090,0.9892592597883264,0.8630333867932178,0.9642289348171701,0.3535251946068695,18.325358398414696,0.1819625199491111,,,,,,,,,,0.0
tunnel,random_walk,phenomenological,0.0,2,0.0,670090,0.9882335798501994,0.8535100105751645,0.9583555792845702,0.3528237758930309,18.46731210387017,0.1806497246119522,,,,,,,,,,0.0
tunnel,random_walk,phenomenological,0.2,0,0.3373564451839221,670090,0.9182039169614977,0.5503344701757861,0.709727626459144,0.31977052882746165,16.7572770125459,0.32595044872834267,,,,,,,,,,0.024
tunnel,random_walk,phenomenological,0.2,1,0.43942074851751245,670090,0.9370271855522898,0.6079748269729938,0.7226503759398497,0.31241388240267876,16.773064504563983,0.396977070482052,,,,,,,,,,0.024
tunnel,random_walk,phenomenological,0.2,2,0.23591303193069782,670090,0.9136130884253395,0.5397125758941131,0.6653711620676254,0.31305431084956187,16.5535904463332,0.2823194992390664,,,,,,,,,,0.024
tunnel,random_walk,phenomenological,0.4,0,0.6747128903678442,670090,0.8335626029147288,0.37500895733357037,0.3285824345146379,0.30955209550179325,15.837812202177556,0.5035784763850577,,,,,,,,,,0.048
tunnel,random_walk,phenomenological,0.4,1,0.8788414970350249,670090,0.8571027561952549,0.40948011084558167,0.49039881831610044,0.3048055104229459,15.862985924430255,0.654505616986591,,,,,,,,,,0.048
tunnel,random_walk,phenomenological,0.4,2,0.47182606386139564,670090,0.8626551483714661,0.42111484452696435,0.4692151556156969,0.3247000467137252,15.570243827748657,0.41557114547900686,,,,,,,,,,0.048
tunnel,random_walk,phenomenological,0.6,0,1.012069335551766,670090,0.7975425605418078,0.32682637493819516,0.24892703862660945,0.30443733420711516,15.207393057549579,0.6680697827869664,,,,,,,,,,0.072
tunnel,random_walk,phenomenological,0.6,1,1.3182622455525372,670090,0.8048755537127061,0.3367754553293356,0.22324723247232472,0.3097373766060561,15.245993028866438,0.889839343087304,,,,,,,,,,0.072
tunnel,random_walk,phenomenological,0.6,2,0.7077390957920933,670090,0.7512092861132276,0.283671564261682,0.2374605401613469,0.3080323994483002,14.934934809001499,0.5447533953638515,,,,,,,,,,0.072
tunnel,random_walk,phenomenological,0.8,0,1.3494257807356884,670090,0.761982836843733,0.2905802840539262,0.15045439246045103,0.3071320202503492,14.742043676651342,0.8173016620233668,,,,,,,,,,0.096
tunnel,random_walk,phenomenological,0.8,1,1.7576829940700498,670090,0.7456675592212739,0.27717348448313506,0.1504108610217935,0.29673221762433843,14.782801019018835,1.096605123969454,,,,,,,,,,0.096
tunnel,random_walk,phenomenological,0.8,2,0.9436521277227913,670090,0.7327278409643443,0.26453237069002483,0.14107744107744108,0.3031231270975744,14.429796143878047,0.6660276480672715,,,,,,,,,,0.096
tunnel,random_walk,phenomenological,1.0,0,1.6867822259196106,670090,0.7355431916414525,0.2679153012610123,0.128881469115192,0.30456281793952933,14.376088617514997,0.9497333363162984,,,,,,,,,,0.12
tunnel,random_walk,phenomenological,1.0,1,2.1971037425875624,670090,0.7419597561044973,0.27478529806535085,0.1520109066121336,0.30545623624446705,14.396504738804166,1.2765572077606668,,,,,,,,,,0.12
tunnel,random_walk,phenomenological,1.0,2,1.179565159653489,670090,0.7051433625177348,0.2438751686751113,0.125120617561917,0.2989492373978535,14.040726313383242,0.7786344911816703,,,,,,,,,,0.12
